,word,Hegemony_Conflict,Masculinity_Conflict,Depravity,Determinism,Dehumanize Women,Dissatisfaction w/ Fam,Law of Attraction(LOA),LOA-Class,LOA-Physique,LOA - Race,LOA-Other,Members,Mental Health,Anti-feminism,Trolling
0,normaloid,1,0,0,0,0,0,0,0,0,0,0,0,0,0,0
1,normaloids,1,0,0,0,0,0,0,0,0,0,0,0,0,0,0
2,normiebook,1,0,0,0,0,0,0,0,0,0,0,0,0,0,0
3,normiedom,1,0,0,0,0,0,0,0,0,0,0,0,0,0,0
4,normieland,1,0,0,0,0,0,0,0,0,0,0,0,0,0,0
5,normo,1,0,0,0,0,0,0,0,0,0,0,0,0,0,0
6,normoid,1,0,0,0,0,0,0,0,0,0,0,0,0,0,0
7,normoids,1,0,0,0,0,0,0,0,0,0,0,0,0,0,0
8,normscum,1,0,0,0,0,0,0,0,0,0,0,0,0,0,0
9,normshit,1,0,0,0,0,0,0,0,0,0,0,0,0,0,0
10,normshits,1,0,0,0,0,0,0,0,0,0,0,0,0,0,0
11,normtard,1,0,0,0,0,0,0,0,0,0,0,0,0,0,0
12,normtards,1,0,0,0,0,0,0,0,0,0,0,0,0,0,0
13,normtroopers,1,0,0,0,0,0,0,0,0,0,0,0,0,0,0
14,normy,1,0,0,0,0,0,0,0,0,0,0,0,0,0,0
15,nwalt,1,0,0,0,0,0,0,0,0,0,0,0,0,0,0
16,reeee,1,0,0,0,0,0,0,0,0,0,0,0,0,0,0
17,reeeee,1,0,0,0,0,0,0,0,0,0,0,0,0,0,0
18,reeeeeeeeeeeeeeeeeeeee,1,0,0,0,0,0,0,0,0,0,0,0,0,0,0
19,reeeeeeeeeeeeeeeeeeeeeeeeeee,1,0,0,0,0,0,0,0,0,0,0,0,0,0,0
20,reeeeeing,1,0,0,0,0,0,0,0,0,0,0,0,0,0,0
21,reeeeing,1,0,0,0,0,0,0,0,0,0,0,0,0,0,0
22,wagecuck,1,0,0,0,0,0,0,0,0,0,0,0,0,0,0
23,wagecucking,1,0,0,0,0,0,0,0,0,0,0,0,0,0,0
24,wagecucks,1,0,0,0,0,0,0,0,0,0,0,0,0,0,0
25,wageslave,1,0,0,0,0,0,0,0,0,0,0,0,0,0,0
26,wageslaves,1,0,0,0,0,0,0,0,0,0,0,0,0,0,0
27,wageslaving,1,0,0,0,0,0,0,0,0,0,0,0,0,0,0
28,wagie,1,0,0,0,0,0,0,0,0,0,0,0,0,0,0
29,alphadestiny,0,1,0,0,0,0,0,0,0,0,0,0,0,0,0
30,alphafux,0,1,0,0,0,0,0,0,0,0,0,0,0,0,0
31,alphaness,0,1,0,0,0,0,0,0,0,0,0,0,0,0,0
32,amalt,0,1,0,0,0,0,0,0,0,0,0,0,0,0,0
33,asianmasculinity,0,1,0,0,0,0,0,0,0,0,0,0,0,0,0
34,babebux,0,1,0,0,0,0,0,0,0,0,0,0,0,0,0
35,betabux,0,1,0,0,0,0,0,0,0,0,0,0,0,0,0
36,betabuxing,0,1,0,0,0,0,0,0,0,0,0,0,0,0,0
37,betabuxxes,0,1,0,0,0,0,0,0,0,0,0,0,0,0,0
38,betabuxxing,0,1,0,0,0,0,0,0,0,0,0,0,0,0,0
39,betafag,0,1,0,0,0,0,0,0,0,0,0,0,0,0,0
40,betafied,0,1,0,0,0,0,0,0,0,0,0,0,0,0,0
41,betamale,0,1,0,0,0,0,0,0,0,0,0,0,0,0,0
42,betamales,0,1,0,0,0,0,0,0,0,0,0,0,0,0,0
43,betaness,0,1,0,0,0,0,0,0,0,0,0,0,0,0,0
44,bitchboy,0,1,0,0,0,0,0,0,0,0,0,0,0,0,0
45,broscience,0,1,0,0,0,0,0,0,0,0,0,0,0,0,0
46,bugman,0,1,0,0,0,0,0,0,0,0,0,0,0,0,0
47,bugmen,0,1,0,0,0,0,0,0,0,0,0,0,0,0,0
48,bukake,0,1,0,0,0,0,0,0,0,0,0,0,0,0,0
49,buxed,0,1,0,0,0,0,0,0,0,0,0,0,0,0,0
50,buxes,0,1,0,0,0,0,0,0,0,0,0,0,0,0,0
51,buxx,0,1,0,0,0,0,0,0,0,0,0,0,0,0,0
52,buxxed,0,1,0,0,0,0,0,0,0,0,0,0,0,0,0
53,chadbro,0,1,0,0,0,0,0,0,0,0,0,0,0,0,0
54,chadcels,0,1,0,0,0,0,0,0,0,0,0,0,0,0,0
55,chadcock,0,1,0,0,0,0,0,0,0,0,0,0,0,0,0
56,chaddam,0,1,0,0,0,0,0,0,0,0,0,0,0,0,0
57,chaddams,0,1,0,0,0,0,0,0,0,0,0,0,0,0,0
58,chadded,0,1,0,0,0,0,0,0,0,0,0,0,0,0,0
59,chadder,0,1,0,0,0,0,0,0,0,0,0,0,0,0,0
60,chaddest,0,1,0,0,0,0,0,0,0,0,0,0,0,0,0
61,chaddier,0,1,0,0,0,0,0,0,0,0,0,0,0,0,0
62,chaddiest,0,1,0,0,0,0,0,0,0,0,0,0,0,0,0
63,chadding,0,1,0,0,0,0,0,0,0,0,0,0,0,0,0
64,chaddington,0,1,0,0,0,0,0,0,0,0,0,0,0,0,0
65,chadhood,0,1,0,0,0,0,0,0,0,0,0,0,0,0,0
66,chadlet,0,1,0,0,0,0,0,0,0,0,0,0,0,0,0
67,chadlight,0,1,0,0,0,0,0,0,0,0,0,0,0,0,0
68,chadlike,0,1,0,0,0,0,0,0,0,0,0,0,0,0,0
69,chadlite,0,1,0,0,0,0,0,0,0,0,0,0,0,0,0
70,chadlites,0,1,0,0,0,0,0,0,0,0,0,0,0,0,0
71,chadly,0,1,0,0,0,0,0,0,0,0,0,0,0,0,0
72,chadness,0,1,0,0,0,0,0,0,0,0,0,0,0,0,0
73,chadstralia,0,1,0,0,0,0,0,0,0,0,0,0,0,0,0
74,chadullah,0,1,0,0,0,0,0,0,0,0,0,0,0,0,0
75,christcucks,0,1,0,0,0,0,0,0,0,0,0,0,0,0,0
76,chuds,0,1,0,0,0,0,0,0,0,0,0,0,0,0,0
77,cuckada,0,1,0,0,0,0,0,0,0,0,0,0,0,0,0
78,cuckage,0,1,0,0,0,0,0,0,0,0,0,0,0,0,0
79,cuckboi,0,1,0,0,0,0,0,0,0,0,0,0,0,0,0
80,cuckbook,0,1,0,0,0,0,0,0,0,0,0,0,0,0,0
81,cuckboys,0,1,0,0,0,0,0,0,0,0,0,0,0,0,0
82,cuckcel,0,1,0,0,0,0,0,0,0,0,0,0,0,0,0
83,cuckdom,0,1,0,0,0,0,0,0,0,0,0,0,0,0,0
84,cuckening,0,1,0,0,0,0,0,0,0,0,0,0,0,0,0
85,cucker,0,1,0,0,0,0,0,0,0,0,0,0,0,0,0
86,cuckery,0,1,0,0,0,0,0,0,0,0,0,0,0,0,0
87,cuckface,0,1,0,0,0,0,0,0,0,0,0,0,0,0,0
88,cuckfest,0,1,0,0,0,0,0,0,0,0,0,0,0,0,0
89,cuckfestus,0,1,0,0,0,0,0,0,0,0,0,0,0,0,0
90,cuckiest,0,1,0,0,0,0,0,0,0,0,0,0,0,0,0
91,cuckifornia,0,1,0,0,0,0,0,0,0,0,0,0,0,0,0
92,cuckin,0,1,0,0,0,0,0,0,0,0,0,0,0,0,0
93,cuckington,0,1,0,0,0,0,0,0,0,0,0,0,0,0,0
94,cuckish,0,1,0,0,0,0,0,0,0,0,0,0,0,0,0
95,cuckism,0,1,0,0,0,0,0,0,0,0,0,0,0,0,0
96,cuckistan,0,1,0,0,0,0,0,0,0,0,0,0,0,0,0
97,cuckit,0,1,0,0,0,0,0,0,0,0,0,0,0,0,0
98,cuckland,0,1,0,0,0,0,0,0,0,0,0,0,0,0,0
99,cucklord,0,1,0,0,0,0,0,0,0,0,0,0,0,0,0
100,cucklords,0,1,0,0,0,0,0,0,0,0,0,0,0,0,0
101,cucknada,0,1,0,0,0,0,0,0,0,0,0,0,0,0,0
102,cuckness,0,1,0,0,0,0,0,0,0,0,0,0,0,0,0
103,cuckoldery,0,1,0,0,0,0,0,0,0,0,0,0,0,0,0
104,cucks,0,1,0,0,0,0,0,0,0,0,0,0,0,0,0
105,cucktear,0,1,0,0,0,0,0,0,0,0,0,0,0,0,0
106,cucktears,0,1,0,0,0,0,0,0,0,0,0,0,0,0,0
107,cucky,0,1,0,0,0,0,0,0,0,0,0,0,0,0,0
108,cux,0,1,0,0,0,0,0,0,0,0,0,0,0,0,0
109,fakecel,0,1,0,0,0,0,0,0,0,0,0,0,0,0,0
110,fakecels,0,1,0,0,0,0,0,0,0,0,0,0,0,0,0
111,femboy,0,1,0,0,0,0,0,0,0,0,0,0,0,0,0
112,femboys,0,1,0,0,0,0,0,0,0,0,0,0,0,0,0
113,gentlesir,0,1,0,0,0,0,0,0,0,0,0,0,0,0,0
114,gigacuck,0,1,0,0,0,0,0,0,0,0,0,0,0,0,0
115,knightery,0,1,0,0,0,0,0,0,0,0,0,0,0,0,0
116,kunfidence,0,1,0,0,0,0,0,0,0,0,0,0,0,0,0
117,madlad,0,1,0,0,0,0,0,0,0,0,0,0,0,0,0
118,madlads,0,1,0,0,0,0,0,0,0,0,0,0,0,0,0
119,maginas,0,1,0,0,0,0,0,0,0,0,0,0,0,0,0
120,manginas,0,1,0,0,0,0,0,0,0,0,0,0,0,0,0
121,megachad,0,1,0,0,0,0,0,0,0,0,0,0,0,0,0
122,mlady,0,1,0,0,0,0,0,0,0,0,0,0,0,0,0
123,neomasculinity,0,1,0,0,0,0,0,0,0,0,0,0,0,0,0
124,nonchad,0,1,0,0,0,0,0,0,0,0,0,0,0,0,0
125,nonchads,0,1,0,0,0,0,0,0,0,0,0,0,0,0,0
126,normalfag,0,1,0,0,0,0,0,0,0,0,0,0,0,0,0
127,normalfags,0,1,0,0,0,0,0,0,0,0,0,0,0,0,0
128,normcuck,0,1,0,0,0,0,0,0,0,0,0,0,0,0,0
129,normcucks,0,1,0,0,0,0,0,0,0,0,0,0,0,0,0
130,numale,0,1,0,0,0,0,0,0,0,0,0,0,0,0,0
131,poolboy,0,1,0,0,0,0,0,0,0,0,0,0,0,0,0
132,reviewbrah,0,1,0,0,0,0,0,0,0,0,0,0,0,0,0
133,simpathy,0,1,0,0,0,0,0,0,0,0,0,0,0,0,0
134,simped,0,1,0,0,0,0,0,0,0,0,0,0,0,0,0
135,simpery,0,1,0,0,0,0,0,0,0,0,0,0,0,0,0
136,simphood,0,1,0,0,0,0,0,0,0,0,0,0,0,0,0
137,simpiest,0,1,0,0,0,0,0,0,0,0,0,0,0,0,0
138,simpin,0,1,0,0,0,0,0,0,0,0,0,0,0,0,0
139,simping,0,1,0,0,0,0,0,0,0,0,0,0,0,0,0
140,simpish,0,1,0,0,0,0,0,0,0,0,0,0,0,0,0
141,simpness,0,1,0,0,0,0,0,0,0,0,0,0,0,0,0
142,soiboi,0,1,0,0,0,0,0,0,0,0,0,0,0,0,0
143,soibois,0,1,0,0,0,0,0,0,0,0,0,0,0,0,0
144,soyboi,0,1,0,0,0,0,0,0,0,0,0,0,0,0,0
145,soyboy,0,1,0,0,0,0,0,0,0,0,0,0,0,0,0
146,soyboys,0,1,0,0,0,0,0,0,0,0,0,0,0,0,0
147,soyface,0,1,0,0,0,0,0,0,0,0,0,0,0,0,0
148,soyim,0,1,0,0,0,0,0,0,0,0,0,0,0,0,0
149,soys,0,1,0,0,0,0,0,0,0,0,0,0,0,0,0
150,subchad,0,1,0,0,0,0,0,0,0,0,0,0,0,0,0
151,superchad,0,1,0,0,0,0,0,0,0,0,0,0,0,0,0
152,terachad,0,1,0,0,0,0,0,0,0,0,0,0,0,0,0
153,terrachad,0,1,0,0,0,0,0,0,0,0,0,0,0,0,0
154,turbochad,0,1,0,0,0,0,0,0,0,0,0,0,0,0,0
155,turbomanlets,0,1,0,0,0,0,0,0,0,0,0,0,0,0,0
156,uberchad,0,1,0,0,0,0,0,0,0,0,0,0,0,0,0
157,ultracock,0,1,0,0,0,0,0,0,0,0,0,0,0,0,0
158,uncuck,0,1,0,0,0,0,0,0,0,0,0,0,0,0,0
159,uncucked,0,1,0,0,0,0,0,0,0,0,0,0,0,0,0
160,whiteknighted,0,1,0,0,0,0,0,0,0,0,0,0,0,0,0
161,whiteknighting,0,1,0,0,0,0,0,0,0,0,0,0,0,0,0
162,whitenights,0,1,0,0,0,0,0,0,0,0,0,0,0,0,0
163,amog,0,1,0,0,0,0,0,0,0,0,0,0,0,0,0
164,amoging,0,1,0,0,0,0,0,0,0,0,0,0,0,0,0
165,amogs,0,1,0,0,0,0,0,0,0,0,0,0,0,0,0
166,askcucks,0,1,0,0,0,0,0,0,0,0,0,0,0,0,0
167,chadpreet,0,1,0,0,0,0,0,0,0,0,0,0,0,0,0
168,chadpreets,0,1,0,0,0,0,0,0,0,0,0,0,0,0,0
169,chadriguez,0,1,0,0,0,0,0,0,0,0,0,0,0,0,0
170,chadrone,0,1,0,0,0,0,0,0,0,0,0,0,0,0,0
171,changlite,0,1,0,0,0,0,0,0,0,0,0,0,0,0,0
172,chinmogs,0,1,0,0,0,0,0,0,0,0,0,0,0,0,0
173,cuckqueers,0,1,0,0,0,0,0,0,0,0,0,0,0,0,0
174,cuckservative,0,1,0,0,0,0,0,0,0,0,0,0,0,0,0
175,cuckservatives,0,1,0,0,0,0,0,0,0,0,0,0,0,0,0
176,gigachang,0,1,0,0,0,0,0,0,0,0,0,0,0,0,0
177,libcuck,0,1,0,0,0,0,0,0,0,0,0,0,0,0,0
178,aloners,0,0,1,0,0,0,0,0,0,0,0,0,0,0,0
179,oneitis,0,0,1,0,0,0,0,0,0,0,0,0,0,0,0
180,oneitus,0,0,1,0,0,0,0,0,0,0,0,0,0,0,0
181,onenitis,0,0,1,0,0,0,0,0,0,0,0,0,0,0,0
182,onision,0,0,1,0,0,0,0,0,0,0,0,0,0,0,0
183,onitis,0,0,1,0,0,0,0,0,0,0,0,0,0,0,0
184,permavirgin,0,0,1,0,0,0,0,0,0,0,0,0,0,0,0
185,relationshit,0,0,1,0,0,0,0,0,0,0,0,0,0,0,0
186,relationshits,0,0,1,0,0,0,0,0,0,0,0,0,0,0,0
187,sadboy,0,0,1,0,0,0,0,0,0,0,0,0,0,0,0
188,sadcringe,0,0,1,0,0,0,0,0,0,0,0,0,0,0,0
189,sexlessness,0,0,1,0,0,0,0,0,0,0,0,0,0,0,0
190,womanless,0,0,1,0,0,0,0,0,0,0,0,0,0,0,0
191,faers,0,0,1,0,0,0,0,0,0,0,0,0,0,0,0
192,foreveraloners,0,0,1,0,0,0,0,0,0,0,0,0,0,0,0
193,handholdless,0,0,1,0,0,0,0,0,0,0,0,0,0,0,0
194,himtoo,0,0,1,0,0,0,0,0,0,0,0,0,0,0,0
195,hugless,0,0,1,0,0,0,0,0,0,0,0,0,0,0,0
196,iwh,0,0,1,0,0,0,0,0,0,0,0,0,0,0,0
197,khhv,0,0,1,0,0,0,0,0,0,0,0,0,0,0,0
198,khv,0,0,1,0,0,0,0,0,0,0,0,0,0,0,0
199,kissless,0,0,1,0,0,0,0,0,0,0,0,0,0,0,0
200,loserdom,0,0,1,0,0,0,0,0,0,0,0,0,0,0,0
201,loveshy,0,0,1,0,0,0,0,0,0,0,0,0,0,0,0
202,subhumanity,0,0,1,0,0,0,0,0,0,0,0,0,0,0,0
203,talkless,0,0,1,0,0,0,0,0,0,0,0,0,0,0,0
204,tfler,0,0,1,0,0,0,0,0,0,0,0,0,0,0,0
205,tflers,0,0,1,0,0,0,0,0,0,0,0,0,0,0,0
206,tressless,0,0,1,0,0,0,0,0,0,0,0,0,0,0,0
207,waifuism,0,0,1,0,0,0,0,0,0,0,0,0,0,0,0
208,wifu,0,0,1,0,0,0,0,0,0,0,0,0,0,0,0
209,adalt,0,0,0,1,0,0,0,0,0,0,0,0,0,0,0
210,agepill,0,0,0,1,0,0,0,0,0,0,0,0,0,0,0
211,alwalt,0,0,0,1,0,0,0,0,0,0,0,0,0,0,0
212,awalt,0,0,0,1,0,0,0,0,0,0,0,0,0,0,0
213,blackpill,0,0,0,1,0,0,0,0,0,0,0,0,0,0,0
214,blackpilled,0,0,0,1,0,0,0,0,0,0,0,0,0,0,0
215,blackpilling,0,0,0,1,0,0,0,0,0,0,0,0,0,0,0
216,blackpills,0,0,0,1,0,0,0,0,0,0,0,0,0,0,0
217,bluepill,0,0,0,1,0,0,0,0,0,0,0,0,0,0,0
218,bluepilled,0,0,0,1,0,0,0,0,0,0,0,0,0,0,0
219,bluepilling,0,0,0,1,0,0,0,0,0,0,0,0,0,0,0
220,bluepills,0,0,0,1,0,0,0,0,0,0,0,0,0,0,0
221,bper,0,0,0,1,0,0,0,0,0,0,0,0,0,0,0
222,briffaults,0,0,0,1,0,0,0,0,0,0,0,0,0,0,0
223,copulin,0,0,0,1,0,0,0,0,0,0,0,0,0,0,0
224,copulins,0,0,0,1,0,0,0,0,0,0,0,0,0,0,0
225,cursedcel,0,0,0,1,0,0,0,0,0,0,0,0,0,0,0
226,femceldom,0,0,0,1,0,0,0,0,0,0,0,0,0,0,0
227,hypergamic,0,0,0,1,0,0,0,0,0,0,0,0,0,0,0
228,hypergamists,0,0,0,1,0,0,0,0,0,0,0,0,0,0,0
229,hypergamous,0,0,0,1,0,0,0,0,0,0,0,0,0,0,0
230,hypergamously,0,0,0,1,0,0,0,0,0,0,0,0,0,0,0
231,hypoagency,0,0,0,1,0,0,0,0,0,0,0,0,0,0,0
232,inceldom,0,0,0,1,0,0,0,0,0,0,0,0,0,0,0
233,incelhalla,0,0,0,1,0,0,0,0,0,0,0,0,0,0,0
234,incelhood,0,0,0,1,0,0,0,0,0,0,0,0,0,0,0
235,incelibacy,0,0,0,1,0,0,0,0,0,0,0,0,0,0,0
236,incelibate,0,0,0,1,0,0,0,0,0,0,0,0,0,0,0
237,incelish,0,0,0,1,0,0,0,0,0,0,0,0,0,0,0
238,incelly,0,0,0,1,0,0,0,0,0,0,0,0,0,0,0
239,incelness,0,0,0,1,0,0,0,0,0,0,0,0,0,0,0
240,maledom,0,0,0,1,0,0,0,0,0,0,0,0,0,0,0
241,nonincel,0,0,0,1,0,0,0,0,0,0,0,0,0,0,0
242,pillers,0,0,0,1,0,0,0,0,0,0,0,0,0,0,0
243,pinkpill,0,0,0,1,0,0,0,0,0,0,0,0,0,0,0
244,pinkpilled,0,0,0,1,0,0,0,0,0,0,0,0,0,0,0
245,purplepill,0,0,0,1,0,0,0,0,0,0,0,0,0,0,0
246,racepill,0,0,0,1,0,0,0,0,0,0,0,0,0,0,0
247,redpill,0,0,0,1,0,0,0,0,0,0,0,0,0,0,0
248,redpilled,0,0,0,1,0,0,0,0,0,0,0,0,0,0,0
249,redpillers,0,0,0,1,0,0,0,0,0,0,0,0,0,0,0
250,redpilling,0,0,0,1,0,0,0,0,0,0,0,0,0,0,0
251,redpills,0,0,0,1,0,0,0,0,0,0,0,0,0,0,0
252,redpillwoman,0,0,0,1,0,0,0,0,0,0,0,0,0,0,0
253,redpillwomen,0,0,0,1,0,0,0,0,0,0,0,0,0,0,0
254,thebluepill,0,0,0,1,0,0,0,0,0,0,0,0,0,0,0
255,theredpill,0,0,0,1,0,0,0,0,0,0,0,0,0,0,0
256,truthpill,0,0,0,1,0,0,0,0,0,0,0,0,0,0,0
257,volcel,0,0,0,1,0,0,0,0,0,0,0,0,0,0,0
258,volceldom,0,0,0,1,0,0,0,0,0,0,0,0,0,0,0
259,volcels,0,0,0,1,0,0,0,0,0,0,0,0,0,0,0
260,whitepill,0,0,0,1,0,0,0,0,0,0,0,0,0,0,0
261,dysgenic,0,0,0,1,0,0,0,0,0,0,0,0,0,0,0
262,dysgenics,0,0,0,1,0,0,0,0,0,0,0,0,0,0,0
263,afalt,0,0,0,0,1,0,0,0,0,0,0,0,0,0,0
264,afterthot,0,0,0,0,1,0,0,0,0,0,0,0,0,0,0
265,americunt,0,0,0,0,1,0,0,0,0,0,0,0,0,0,0
266,beckies,0,0,0,0,1,0,0,0,0,0,0,0,0,0,0
267,beckys,0,0,0,0,1,0,0,0,0,0,0,0,0,0,0
268,biocunt,0,0,0,0,1,0,0,0,0,0,0,0,0,0,0
269,biocunts,0,0,0,0,1,0,0,0,0,0,0,0,0,0,0
270,bitchmade,0,0,0,0,1,0,0,0,0,0,0,0,0,0,0
271,bitchute,0,0,0,0,1,0,0,0,0,0,0,0,0,0,0
272,boobily,0,0,0,0,1,0,0,0,0,0,0,0,0,0,0
273,boredfemoid,0,0,0,0,1,0,0,0,0,0,0,0,0,0,0
274,branchers,0,0,0,0,1,0,0,0,0,0,0,0,0,0,0
275,branchswing,0,0,0,0,1,0,0,0,0,0,0,0,0,0,0
276,butterfaces,0,0,0,0,1,0,0,0,0,0,0,0,0,0,0
277,camwhores,0,0,0,0,1,0,0,0,0,0,0,0,0,0,0
278,camwhoring,0,0,0,0,1,0,0,0,0,0,0,0,0,0,0
279,carouseling,0,0,0,0,1,0,0,0,0,0,0,0,0,0,0
280,chadsexuals,0,0,0,0,1,0,0,0,0,0,0,0,0,0,0
281,chimping,0,0,0,0,1,0,0,0,0,0,0,0,0,0,0
282,crotchfruit,0,0,0,0,1,0,0,0,0,0,0,0,0,0,0
283,cuckquean,0,0,0,0,1,0,0,0,0,0,0,0,0,0,0
284,cuntery,0,0,0,0,1,0,0,0,0,0,0,0,0,0,0
285,cuntfused,0,0,0,0,1,0,0,0,0,0,0,0,0,0,0
286,currywhore,0,0,0,0,1,0,0,0,0,0,0,0,0,0,0
287,damseling,0,0,0,0,1,0,0,0,0,0,0,0,0,0,0
288,ewalt,0,0,0,0,1,0,0,0,0,0,0,0,0,0,0
289,fakerape,0,0,0,0,1,0,0,0,0,0,0,0,0,0,0
290,fakeup,0,0,0,0,1,0,0,0,0,0,0,0,0,0,0
291,feeeemale,0,0,0,0,1,0,0,0,0,0,0,0,0,0,0
292,feeeemales,0,0,0,0,1,0,0,0,0,0,0,0,0,0,0
293,feeemale,0,0,0,0,1,0,0,0,0,0,0,0,0,0,0
294,feefees,0,0,0,0,1,0,0,0,0,0,0,0,0,0,0
295,femails,0,0,0,0,1,0,0,0,0,0,0,0,0,0,0
296,femaloid,0,0,0,0,1,0,0,0,0,0,0,0,0,0,0
297,femaloids,0,0,0,0,1,0,0,0,0,0,0,0,0,0,0
298,femanoid,0,0,0,0,1,0,0,0,0,0,0,0,0,0,0
299,femanon,0,0,0,0,1,0,0,0,0,0,0,0,0,0,0
300,femiod,0,0,0,0,1,0,0,0,0,0,0,0,0,0,0
301,femorrhoid,0,0,0,0,1,0,0,0,0,0,0,0,0,0,0
302,femorrhoids,0,0,0,0,1,0,0,0,0,0,0,0,0,0,0
303,foids,0,0,0,0,1,0,0,0,0,0,0,0,0,0,0
304,goblina,0,0,0,0,1,0,0,0,0,0,0,0,0,0,0
305,gynos,0,0,0,0,1,0,0,0,0,0,0,0,0,0,0
306,hambeast,0,0,0,0,1,0,0,0,0,0,0,0,0,0,0
307,hambeasts,0,0,0,0,1,0,0,0,0,0,0,0,0,0,0
308,hampstering,0,0,0,0,1,0,0,0,0,0,0,0,0,0,0
309,hamstered,0,0,0,0,1,0,0,0,0,0,0,0,0,0,0
310,hamstering,0,0,0,0,1,0,0,0,0,0,0,0,0,0,0
311,hogbeast,0,0,0,0,1,0,0,0,0,0,0,0,0,0,0
312,hoors,0,0,0,0,1,0,0,0,0,0,0,0,0,0,0
313,kunts,0,0,0,0,1,0,0,0,0,0,0,0,0,0,0
314,landwhale,0,0,0,0,1,0,0,0,0,0,0,0,0,0,0
315,landwhales,0,0,0,0,1,0,0,0,0,0,0,0,0,0,0
316,milkies,0,0,0,0,1,0,0,0,0,0,0,0,0,0,0
317,moid,0,0,0,0,1,0,0,0,0,0,0,0,0,0,0
318,monkeybranch,0,0,0,0,1,0,0,0,0,0,0,0,0,0,0
319,monkeybranched,0,0,0,0,1,0,0,0,0,0,0,0,0,0,0
320,muffington,0,0,0,0,1,0,0,0,0,0,0,0,0,0,0
321,noodlewhore,0,0,0,0,1,0,0,0,0,0,0,0,0,0,0
322,ovulators,0,0,0,0,1,0,0,0,0,0,0,0,0,0,0
323,postwall,0,0,0,0,1,0,0,0,0,0,0,0,0,0,0
324,ricewhore,0,0,0,0,1,0,0,0,0,0,0,0,0,0,0
325,ridingchad,0,0,0,0,1,0,0,0,0,0,0,0,0,0,0
326,roastflaps,0,0,0,0,1,0,0,0,0,0,0,0,0,0,0
327,roastie,0,0,0,0,1,0,0,0,0,0,0,0,0,0,0
328,roastlet,0,0,0,0,1,0,0,0,0,0,0,0,0,0,0
329,roastlets,0,0,0,0,1,0,0,0,0,0,0,0,0,0,0
330,stacylites,0,0,0,0,1,0,0,0,0,0,0,0,0,0,0
331,whaman,0,0,0,0,1,0,0,0,0,0,0,0,0,0,0
332,whamen,0,0,0,0,1,0,0,0,0,0,0,0,0,0,0
333,whamyn,0,0,0,0,1,0,0,0,0,0,0,0,0,0,0
334,womanese,0,0,0,0,1,0,0,0,0,0,0,0,0,0,0
335,wurstie,0,0,0,0,1,0,0,0,0,0,0,0,0,0,0
336,wursties,0,0,0,0,1,0,0,0,0,0,0,0,0,0,0
337,pawgs,0,0,0,0,1,0,0,0,0,0,0,0,0,0,0
338,awalts,0,0,0,0,1,0,0,0,0,0,0,0,0,0,0
339,dependas,0,0,0,0,0,1,0,0,0,0,0,0,0,0,0
340,divorcerape,0,0,0,0,0,1,0,0,0,0,0,0,0,0,0
341,ghow,0,0,0,0,0,1,0,0,0,0,0,0,0,0,0
342,gmow,0,0,0,0,0,1,0,0,0,0,0,0,0,0,0
343,goow,0,0,0,0,0,1,0,0,0,0,0,0,0,0,0
344,gyow,0,0,0,0,0,1,0,0,0,0,0,0,0,0,0
345,husbank,0,0,0,0,0,1,0,0,0,0,0,0,0,0,0
346,mgtoe,0,0,0,0,0,1,0,0,0,0,0,0,0,0,0
347,mgtowed,0,0,0,0,0,1,0,0,0,0,0,0,0,0,0
348,mgtowing,0,0,0,0,0,1,0,0,0,0,0,0,0,0,0
349,mgtowism,0,0,0,0,0,1,0,0,0,0,0,0,0,0,0
350,mgtowlifestyle,0,0,0,0,0,1,0,0,0,0,0,0,0,0,0
351,mgtowmusic,0,0,0,0,0,1,0,0,0,0,0,0,0,0,0
352,mgtowness,0,0,0,0,0,1,0,0,0,0,0,0,0,0,0
353,mgtowtherapy,0,0,0,0,0,1,0,0,0,0,0,0,0,0,0
354,mstow,0,0,0,0,0,1,0,0,0,0,0,0,0,0,0
355,norwooding,0,0,0,0,0,1,0,0,0,0,0,0,0,0,0
356,orbitor,0,0,0,0,0,1,0,0,0,0,0,0,0,0,0
357,orbitors,0,0,0,0,0,1,0,0,0,0,0,0,0,0,0
358,orbitter,0,0,0,0,0,1,0,0,0,0,0,0,0,0,0
359,orbitters,0,0,0,0,0,1,0,0,0,0,0,0,0,0,0
360,orbitting,0,0,0,0,0,1,0,0,0,0,0,0,0,0,0
361,pussypass,0,0,0,0,0,1,0,0,0,0,0,0,0,0,0
362,pussypassdenied,0,0,0,0,0,1,0,0,0,0,0,0,0,0,0
363,pussypasses,0,0,0,0,0,1,0,0,0,0,0,0,0,0,0
364,pussywhipped,0,0,0,0,0,1,0,0,0,0,0,0,0,0,0
365,shittesting,0,0,0,0,0,1,0,0,0,0,0,0,0,0,0
366,shittests,0,0,0,0,0,1,0,0,0,0,0,0,0,0,0
367,spermjack,0,0,0,0,0,1,0,0,0,0,0,0,0,0,0
368,spermjacked,0,0,0,0,0,1,0,0,0,0,0,0,0,0,0
369,spermjacking,0,0,0,0,0,1,0,0,0,0,0,0,0,0,0
370,gtow,0,0,0,0,0,1,0,0,0,0,0,0,0,0,0
371,vaginamony,0,0,0,0,0,1,0,0,0,0,0,0,0,0,0
372,girlfiend,0,0,0,0,0,1,0,0,0,0,0,0,0,0,0
373,acnecel,0,0,0,0,0,0,1,0,0,0,0,0,0,0,0
374,acnecels,0,0,0,0,0,0,1,0,0,0,0,0,0,0,0
375,altrightcel,0,0,0,0,0,0,1,0,0,0,0,0,0,0,0
376,amiugly,0,0,0,0,0,0,1,0,0,0,0,0,0,0,0
377,maxxed,0,0,0,0,0,0,1,0,0,0,0,0,0,0,0
378,moger,0,0,0,0,0,0,1,0,0,0,0,0,0,0,0
379,mogged,0,0,0,0,0,0,1,0,0,0,0,0,0,0,0
380,mogger,0,0,0,0,0,0,1,0,0,0,0,0,0,0,0
381,mogging,0,0,0,0,0,0,1,0,0,0,0,0,0,0,0
382,moggs,0,0,0,0,0,0,1,0,0,0,0,0,0,0,0
383,moneymaxxed,0,0,0,0,0,0,0,1,0,0,0,0,0,0,0
384,thugmax,0,0,0,0,0,0,1,0,0,0,0,0,0,0,0
385,trapmaxx,0,0,0,0,0,0,1,0,0,0,0,0,0,0,0
386,daygame,0,0,0,0,0,0,1,0,0,0,0,0,0,0,0
387,smartcel,0,0,0,0,0,0,1,0,0,0,0,0,0,0,0
388,thugmaxx,0,0,0,0,0,0,1,0,0,0,0,0,0,0,0
389,thugmaxxed,0,0,0,0,0,0,1,0,0,0,0,0,0,0,0
390,careermax,0,0,0,0,0,0,0,1,0,0,0,0,0,0,0
391,poorcel,0,0,0,0,0,0,0,1,0,0,0,0,0,0,0
392,poorcels,0,0,0,0,0,0,0,1,0,0,0,0,0,0,0
393,povertycel,0,0,0,0,0,0,0,1,0,0,0,0,0,0,0
394,standardcel,0,0,0,0,0,0,0,1,0,0,0,0,0,0,0
395,statusmax,0,0,0,0,0,0,0,1,0,0,0,0,0,0,0
396,statusmaxxing,0,0,0,0,0,0,0,1,0,0,0,0,0,0,0
397,stemcel,0,0,0,0,0,0,0,1,0,0,0,0,0,0,0
398,stemcelling,0,0,0,0,0,0,0,1,0,0,0,0,0,0,0
399,stemcels,0,0,0,0,0,0,0,1,0,0,0,0,0,0,0
400,studycel,0,0,0,0,0,0,0,1,0,0,0,0,0,0,0
401,studycelling,0,0,0,0,0,0,0,1,0,0,0,0,0,0,0
402,wagecel,0,0,0,0,0,0,0,1,0,0,0,0,0,0,0
403,wagecelling,0,0,0,0,0,0,0,1,0,0,0,0,0,0,0
404,wagecels,0,0,0,0,0,0,0,1,0,0,0,0,0,0,0
405,anxietycel,0,0,0,0,0,0,0,0,0,0,0,0,1,0,0
406,babydick,0,0,0,0,0,0,0,0,1,0,0,0,0,0,0
407,babyfacecel,0,0,0,0,0,0,0,0,1,0,0,0,0,0,0
408,babyfaced,0,0,0,0,0,0,0,0,1,0,0,0,0,0,0
409,baldingcel,0,0,0,0,0,0,0,0,1,0,0,0,0,0,0
410,birdcel,0,0,0,0,0,0,0,0,1,0,0,0,0,0,0
411,birdcels,0,0,0,0,0,0,0,0,1,0,0,0,0,0,0
412,bonestructure,0,0,0,0,0,0,0,0,1,0,0,0,0,0,0
413,chadfish,0,0,0,0,0,0,0,0,1,0,0,0,0,0,0
414,chadfishing,0,0,0,0,0,0,0,0,1,0,0,0,0,0,0
415,chincel,0,0,0,0,0,0,0,0,1,0,0,0,0,0,0
416,chincels,0,0,0,0,0,0,0,0,1,0,0,0,0,0,0
417,cursedimages,0,0,0,0,0,0,0,0,1,0,0,0,0,0,0
418,cutecel,0,0,0,0,0,0,0,0,1,0,0,0,0,0,0
419,deformedcel,0,0,0,0,0,0,0,0,1,0,0,0,0,0,0
420,degeneratemaxxing,0,0,0,0,0,0,0,0,1,0,0,0,0,0,0
421,dickcel,0,0,0,0,0,0,0,0,1,0,0,0,0,0,0
422,dicklet,0,0,0,0,0,0,0,0,1,0,0,0,0,0,0
423,dicklets,0,0,0,0,0,0,0,0,1,0,0,0,0,0,0
424,dyel,0,0,0,0,0,0,0,0,1,0,0,0,0,0,0
425,eyecel,0,0,0,0,0,0,0,0,1,0,0,0,0,0,0
426,facemog,0,0,0,0,0,0,0,0,1,0,0,0,0,0,0
427,facemogs,0,0,0,0,0,0,0,0,1,0,0,0,0,0,0
428,facewise,0,0,0,0,0,0,0,0,1,0,0,0,0,0,0
429,failo,0,0,0,0,0,0,0,0,1,0,0,0,0,0,0
430,fashionmaxx,0,0,0,0,0,0,0,0,1,0,0,0,0,0,0
431,fashionmaxxing,0,0,0,0,0,0,0,0,1,0,0,0,0,0,0
432,fatcel,0,0,0,0,0,0,0,0,1,0,0,0,0,0,0
433,framecel,0,0,0,0,0,0,0,0,1,0,0,0,0,0,0
434,framelet,0,0,0,0,0,0,0,0,1,0,0,0,0,0,0
435,framemog,0,0,0,0,0,0,0,0,1,0,0,0,0,0,0
436,framemogs,0,0,0,0,0,0,0,0,1,0,0,0,0,0,0
437,fwhr,0,0,0,0,0,0,0,0,1,0,0,0,0,0,0
438,gainit,0,0,0,0,0,0,0,0,1,0,0,0,0,0,0
439,gigastacies,0,0,0,0,0,0,0,0,1,0,0,0,0,0,0
440,gigastacy,0,0,0,0,0,0,0,0,1,0,0,0,0,0,0
441,goblincel,0,0,0,0,0,0,0,0,1,0,0,0,0,0,0
442,gomad,0,0,0,0,0,0,0,0,1,0,0,0,0,0,0
443,gymbro,0,0,0,0,0,0,0,0,1,0,0,0,0,0,0
444,gymbros,0,0,0,0,0,0,0,0,1,0,0,0,0,0,0
445,gymcel,0,0,0,0,0,0,0,0,1,0,0,0,0,0,0
446,gymceled,0,0,0,0,0,0,0,0,1,0,0,0,0,0,0
447,gymcell,0,0,0,0,0,0,0,0,1,0,0,0,0,0,0
448,gymcelled,0,0,0,0,0,0,0,0,1,0,0,0,0,0,0
449,gymcelling,0,0,0,0,0,0,0,0,1,0,0,0,0,0,0
450,gymcels,0,0,0,0,0,0,0,0,1,0,0,0,0,0,0
451,gyming,0,0,0,0,0,0,0,0,1,0,0,0,0,0,0
452,gymmax,0,0,0,0,0,0,0,0,1,0,0,0,0,0,0
453,gymming,0,0,0,0,0,0,0,0,1,0,0,0,0,0,0
454,handcel,0,0,0,0,0,0,0,0,1,0,0,0,0,0,0
455,heightcel,0,0,0,0,0,0,0,0,1,0,0,0,0,0,0
456,heightcels,0,0,0,0,0,0,0,0,1,0,0,0,0,0,0
457,heightism,0,0,0,0,0,0,0,0,1,0,0,0,0,0,0
458,heightist,0,0,0,0,0,0,0,0,1,0,0,0,0,0,0
459,heightists,0,0,0,0,0,0,0,0,1,0,0,0,0,0,0
460,heightmog,0,0,0,0,0,0,0,0,1,0,0,0,0,0,0
461,heightmogging,0,0,0,0,0,0,0,0,1,0,0,0,0,0,0
462,heightmogs,0,0,0,0,0,0,0,0,1,0,0,0,0,0,0
463,heightpill,0,0,0,0,0,0,0,0,1,0,0,0,0,0,0
464,incelselfies,0,0,0,0,0,0,0,0,1,0,0,0,0,0,0
465,jawcel,0,0,0,0,0,0,0,0,1,0,0,0,0,0,0
466,jawcels,0,0,0,0,0,0,0,0,1,0,0,0,0,0,0
467,jawmogs,0,0,0,0,0,0,0,0,1,0,0,0,0,0,0
468,lanklet,0,0,0,0,0,0,0,0,1,0,0,0,0,0,0
469,lanklets,0,0,0,0,0,0,0,0,1,0,0,0,0,0,0
470,legbeard,0,0,0,0,0,0,0,0,1,0,0,0,0,0,0
471,legbeards,0,0,0,0,0,0,0,0,1,0,0,0,0,0,0
472,manlet,0,0,0,0,0,0,0,0,1,0,0,0,0,0,0
473,manletcel,0,0,0,0,0,0,0,0,1,0,0,0,0,0,0
474,manletcels,0,0,0,0,0,0,0,0,1,0,0,0,0,0,0
475,manletism,0,0,0,0,0,0,0,0,1,0,0,0,0,0,0
476,manlets,0,0,0,0,0,0,0,0,1,0,0,0,0,0,0
477,manwhale,0,0,0,0,0,0,0,0,1,0,0,0,0,0,0
478,neckbearded,0,0,0,0,0,0,0,0,1,0,0,0,0,0,0
479,nosecel,0,0,0,0,0,0,0,0,1,0,0,0,0,0,0
480,nosecels,0,0,0,0,0,0,0,0,1,0,0,0,0,0,0
481,ogrecel,0,0,0,0,0,0,0,0,1,0,0,0,0,0,0
482,ogrecels,0,0,0,0,0,0,0,0,1,0,0,0,0,0,0
483,okayish,0,0,0,0,0,0,0,0,1,0,0,0,0,0,0
484,oldcel,0,0,0,0,0,0,0,0,1,0,0,0,0,0,0
485,oldcels,0,0,0,0,0,0,0,0,1,0,0,0,0,0,0
486,personalitymaxxing,0,0,0,0,0,0,0,0,1,0,0,0,0,0,0
487,roidcel,0,0,0,0,0,0,0,0,1,0,0,0,0,0,0
488,roidcelling,0,0,0,0,0,0,0,0,1,0,0,0,0,0,0
489,roidmaxx,0,0,0,0,0,0,0,0,1,0,0,0,0,0,0
490,rolleyes,0,0,0,0,0,0,0,0,1,0,0,0,0,0,0
491,shortcel,0,0,0,0,0,0,0,0,1,0,0,0,0,0,0
492,shortcels,0,0,0,0,0,0,0,0,1,0,0,0,0,0,0
493,showermaxxing,0,0,0,0,0,0,0,0,1,0,0,0,0,0,0
494,skinnycels,0,0,0,0,0,0,0,0,1,0,0,0,0,0,0
495,skullcel,0,0,0,0,0,0,0,0,1,0,0,0,0,0,0
496,skullmogged,0,0,0,0,0,0,0,0,1,0,0,0,0,0,0
497,stacys,0,0,0,0,0,0,0,0,1,0,0,0,0,0,0
498,stblackops,0,0,0,0,0,0,0,0,1,0,0,0,0,0,0
499,stblackopscel,0,0,0,0,0,0,0,0,1,0,0,0,0,0,0
500,studymaxxing,0,0,0,0,0,0,0,0,1,0,0,0,0,0,0
501,surgerymaxing,0,0,0,0,0,0,0,0,1,0,0,0,0,0,0
502,surgerymaxxing,0,0,0,0,0,0,0,0,1,0,0,0,0,0,0
503,tallcel,0,0,0,0,0,0,0,0,1,0,0,0,0,0,0
504,trollcel,0,0,0,0,0,0,0,0,1,0,0,0,0,0,0
505,truecel,0,0,0,0,0,0,0,0,1,0,0,0,0,0,0
506,truecell,0,0,0,0,0,0,0,0,1,0,0,0,0,0,0
507,uggocel,0,0,0,0,0,0,0,0,1,0,0,0,0,0,0
508,uglycel,0,0,0,0,0,0,0,0,1,0,0,0,0,0,0
509,uglyduckling,0,0,0,0,0,0,0,0,1,0,0,0,0,0,0
510,unmoggable,0,0,0,0,0,0,0,0,1,0,0,0,0,0,0
511,vocel,0,0,0,0,0,0,0,0,1,0,0,0,0,0,0
512,vocels,0,0,0,0,0,0,0,0,1,0,0,0,0,0,0
513,voicecel,0,0,0,0,0,0,0,0,1,0,0,0,0,0,0
514,voicel,0,0,0,0,0,0,0,0,1,0,0,0,0,0,0
515,voicels,0,0,0,0,0,0,0,0,1,0,0,0,0,0,0
516,womanlets,0,0,0,0,0,0,0,0,1,0,0,0,0,0,0
517,wristcel,0,0,0,0,0,0,0,0,1,0,0,0,0,0,0
518,wristcels,0,0,0,0,0,0,0,0,1,0,0,0,0,0,0
519,wristmogs,0,0,0,0,0,0,0,0,1,0,0,0,0,0,0
520,wswswy,0,0,0,0,0,0,0,0,1,0,0,0,0,0,0
521,youngcel,0,0,0,0,0,0,0,0,1,0,0,0,0,0,0
522,youngcels,0,0,0,0,0,0,0,0,1,0,0,0,0,0,0
523,bloatmaxx,0,0,0,0,0,0,0,0,1,0,0,0,0,0,0
524,bloatmaxxing,0,0,0,0,0,0,0,0,1,0,0,0,0,0,0
525,lookism,0,0,0,0,0,0,0,0,1,0,0,0,0,0,0
526,lookist,0,0,0,0,0,0,0,0,1,0,0,0,0,0,0
527,lookists,0,0,0,0,0,0,0,0,1,0,0,0,0,0,0
528,lookmatch,0,0,0,0,0,0,0,0,1,0,0,0,0,0,0
529,lookmaxing,0,0,0,0,0,0,0,0,1,0,0,0,0,0,0
530,lookmaxx,0,0,0,0,0,0,0,0,1,0,0,0,0,0,0
531,looksism,0,0,0,0,0,0,0,0,1,0,0,0,0,0,0
532,lookslevel,0,0,0,0,0,0,0,0,1,0,0,0,0,0,0
533,looksmatch,0,0,0,0,0,0,0,0,1,0,0,0,0,0,0
534,looksmatched,0,0,0,0,0,0,0,0,1,0,0,0,0,0,0
535,looksmatching,0,0,0,0,0,0,0,0,1,0,0,0,0,0,0
536,looksmax,0,0,0,0,0,0,0,0,1,0,0,0,0,0,0
537,looksmaxed,0,0,0,0,0,0,0,0,1,0,0,0,0,0,0
538,lookstheory,0,0,0,0,0,0,0,0,1,0,0,0,0,0,0
539,lookswise,0,0,0,0,0,0,0,0,1,0,0,0,0,0,0
540,maxcel,0,0,0,0,0,0,0,0,1,0,0,0,0,0,0
541,maxcell,0,0,0,0,0,0,0,0,1,0,0,0,0,0,0
542,blackopscel,0,0,0,0,0,0,0,0,1,0,0,0,0,0,0
543,nazicel,0,0,0,0,0,0,0,0,0,1,0,0,0,0,0
544,nazicels,0,0,0,0,0,0,0,0,0,1,0,0,0,0,0
545,amwf,0,0,0,0,0,0,0,0,0,1,0,0,0,0,0
546,arabcel,0,0,0,0,0,0,0,0,0,1,0,0,0,0,0
547,asiancel,0,0,0,0,0,0,0,0,0,1,0,0,0,0,0
548,asiancels,0,0,0,0,0,0,0,0,0,1,0,0,0,0,0
549,beancel,0,0,0,0,0,0,0,0,0,1,0,0,0,0,0
550,blackcel,0,0,0,0,0,0,0,0,0,1,0,0,0,0,0
551,blackcels,0,0,0,0,0,0,0,0,0,1,0,0,0,0,0
552,browncels,0,0,0,0,0,0,0,0,0,1,0,0,0,0,0
553,caucasoids,0,0,0,0,0,0,0,0,0,1,0,0,0,0,0
554,currycells,0,0,0,0,0,0,0,0,0,1,0,0,0,0,0
555,currycels,0,0,0,0,0,0,0,0,0,1,0,0,0,0,0
556,currypill,0,0,0,0,0,0,0,0,0,1,0,0,0,0,0
557,ethniccel,0,0,0,0,0,0,0,0,0,1,0,0,0,0,0
558,ethnicels,0,0,0,0,0,0,0,0,0,1,0,0,0,0,0
559,hapacel,0,0,0,0,0,0,0,0,0,1,0,0,0,0,0
560,hapacels,0,0,0,0,0,0,0,0,0,1,0,0,0,0,0
561,jewcel,0,0,0,0,0,0,0,0,0,1,0,0,0,0,0
562,jewcels,0,0,0,0,0,0,0,0,0,1,0,0,0,0,0
563,justbewhite,0,0,0,0,0,0,0,0,0,1,0,0,0,0,0
564,kebabcel,0,0,0,0,0,0,0,0,0,1,0,0,0,0,0
565,kebabcels,0,0,0,0,0,0,0,0,0,1,0,0,0,0,0
566,mudshark,0,0,0,0,0,0,0,0,0,1,0,0,0,0,0
567,mudsharks,0,0,0,0,0,0,0,0,0,1,0,0,0,0,0
568,muslimcel,0,0,0,0,0,0,0,0,0,1,0,0,0,0,0
569,muslimcels,0,0,0,0,0,0,0,0,0,1,0,0,0,0,0
570,racecoping,0,0,0,0,0,0,0,0,0,1,0,0,0,0,0
571,ricecel,0,0,0,0,0,0,0,0,0,1,0,0,0,0,0
572,ricecels,0,0,0,0,0,0,0,0,0,1,0,0,0,0,0
573,sandcel,0,0,0,0,0,0,0,0,0,1,0,0,0,0,0
574,sandcels,0,0,0,0,0,0,0,0,0,1,0,0,0,0,0
575,slavcel,0,0,0,0,0,0,0,0,0,1,0,0,0,0,0
576,stormfrontcel,0,0,0,0,0,0,0,0,0,1,0,0,0,0,0
577,stormfrontcels,0,0,0,0,0,0,0,0,0,1,0,0,0,0,0
578,terroristcels,0,0,0,0,0,0,0,0,0,1,0,0,0,0,0
579,tyrone,0,0,0,0,0,0,0,0,0,1,0,0,0,0,0
580,turbancel,0,0,0,0,0,0,0,0,0,1,0,0,0,0,0
581,tyrones,0,0,0,0,0,0,0,0,0,1,0,0,0,0,0
582,tyronne,0,0,0,0,0,0,0,0,0,1,0,0,0,0,0
583,brocel,0,0,0,0,0,0,0,0,0,0,1,0,0,0,0
584,brothercel,0,0,0,0,0,0,0,0,0,0,1,0,0,0,0
585,brothercels,0,0,0,0,0,0,0,0,0,0,1,0,0,0,0
586,calculatorcel,0,0,0,0,0,0,0,0,0,0,1,0,0,0,0
587,drugcel,0,0,0,0,0,0,0,0,0,0,1,0,0,0,0
588,dumbcel,0,0,0,0,0,0,0,0,0,0,1,0,0,0,0
589,dumbcels,0,0,0,0,0,0,0,0,0,0,1,0,0,0,0
590,escortcel,0,0,0,0,0,0,0,0,0,0,1,0,0,0,0
591,escortceling,0,0,0,0,0,0,0,0,0,0,1,0,0,0,0
592,escortcelling,0,0,0,0,0,0,0,0,0,0,1,0,0,0,0
593,escortcels,0,0,0,0,0,0,0,0,0,0,1,0,0,0,0
594,fellowcels,0,0,0,0,0,0,0,0,0,0,1,0,0,0,0
595,finalfantasycel,0,0,0,0,0,0,0,0,0,0,1,0,0,0,0
596,incelistan,0,0,0,0,0,0,0,0,0,0,1,0,0,0,0
597,incellah,0,0,0,0,0,0,0,0,0,0,1,0,0,0,0
598,incelocalypse,0,0,0,0,0,0,0,0,0,0,1,0,0,0,0
599,incelosphere,0,0,0,0,0,0,0,0,0,0,1,0,0,0,0
600,incelqueer,0,0,0,0,0,0,0,0,0,0,1,0,0,0,0
601,incelqueers,0,0,0,0,0,0,0,0,0,0,1,0,0,0,0
602,incelspeak,0,0,0,0,0,0,0,0,0,0,1,0,0,0,0
603,incelsphere,0,0,0,0,0,0,0,0,0,0,1,0,0,0,0
604,iqcel,0,0,0,0,0,0,0,0,0,0,1,0,0,0,0
605,iqcels,0,0,0,0,0,0,0,0,0,0,1,0,0,0,0
606,itcels,0,0,0,0,0,0,0,0,0,0,1,0,0,0,0
607,iters,0,0,0,0,0,0,0,0,0,0,1,0,0,0,0
608,lazycel,0,0,0,0,0,0,0,0,0,0,1,0,0,0,0
609,locationcel,0,0,0,0,0,0,0,0,0,0,1,0,0,0,0
610,lowiqcel,0,0,0,0,0,0,0,0,0,0,1,0,0,0,0
611,lowiqcels,0,0,0,0,0,0,0,0,0,0,1,0,0,0,0
612,modricel,0,0,0,0,0,0,0,0,0,0,1,0,0,0,0
613,neetcel,0,0,0,0,0,0,0,0,0,0,1,0,0,0,0
614,neetcels,0,0,0,0,0,0,0,0,0,0,1,0,0,0,0
615,neetdom,0,0,0,0,0,0,0,0,0,0,1,0,0,0,0
616,neeting,0,0,0,0,0,0,0,0,0,0,1,0,0,0,0
617,pedocel,0,0,0,0,0,0,0,0,0,0,1,0,0,0,0
618,pedocels,0,0,0,0,0,0,0,0,0,0,1,0,0,0,0
619,weebcel,0,0,0,0,0,0,0,0,0,0,1,0,0,0,0
620,weebcels,0,0,0,0,0,0,0,0,0,0,1,0,0,0,0
621,braincell,0,0,0,0,0,0,0,0,0,0,0,1,0,0,0
622,femcel,0,0,0,0,0,0,0,0,0,0,0,1,0,0,0
623,femcels,0,0,0,0,0,0,0,0,0,0,0,1,0,0,0
624,incels,0,0,0,0,0,0,0,0,0,0,0,1,0,0,0
625,mgtow,0,0,0,0,0,0,0,0,0,0,0,1,0,0,0
626,mgotw,0,0,0,0,0,0,0,0,0,0,0,1,0,0,0
627,mgow,0,0,0,0,0,0,0,0,0,0,0,1,0,0,0
628,mgtowers,0,0,0,0,0,0,0,0,0,0,0,1,0,0,0
629,mgtows,0,0,0,0,0,0,0,0,0,0,0,1,0,0,0
630,migtow,0,0,0,0,0,0,0,0,0,0,0,1,0,0,0
631,trper,0,0,0,0,0,0,0,0,0,0,0,1,0,0,0
632,truefemcels,0,0,0,0,0,0,0,0,0,0,0,1,0,0,0
633,austistic,0,0,0,0,0,0,0,0,0,0,0,0,1,0,0
634,copers,0,0,0,0,0,0,0,0,0,0,0,0,1,0,0
635,deathfuel,0,0,0,0,0,0,0,0,0,0,0,0,1,0,0
636,gigacope,0,0,0,0,0,0,0,0,0,0,0,0,1,0,0
637,gymcope,0,0,0,0,0,0,0,0,0,0,0,0,1,0,0
638,hopecel,0,0,0,0,0,0,0,0,0,0,0,0,1,0,0
639,hopefuel,0,0,0,0,0,0,0,0,0,0,0,0,1,0,0
640,itsover,0,0,0,0,0,0,0,0,0,0,0,0,1,0,0
641,ldar,0,0,0,0,0,0,0,0,0,0,0,0,1,0,0
642,ldared,0,0,0,0,0,0,0,0,0,0,0,0,1,0,0
643,ldaring,0,0,0,0,0,0,0,0,0,0,0,0,1,0,0
644,lifefuel,0,0,0,0,0,0,0,0,0,0,0,0,1,0,0
645,megacope,0,0,0,0,0,0,0,0,0,0,0,0,1,0,0
646,mental cel,0,0,0,0,0,0,0,0,0,0,0,0,1,0,0
647,mentalcel,0,0,0,0,0,0,0,0,0,0,0,0,1,0,0
648,mentalcels,0,0,0,0,0,0,0,0,0,0,0,0,1,0,0
649,monkmode,0,0,0,0,0,0,0,0,0,0,0,0,1,0,0
650,nsfl,0,0,0,0,0,0,0,0,0,0,0,0,1,0,0
651,personalitycels,0,0,0,0,0,0,0,0,0,0,0,0,1,0,0
652,ragefuel,0,0,0,0,0,0,0,0,0,0,0,0,1,0,0
653,sanctionedsuicide,0,0,0,0,0,0,0,0,0,0,0,0,1,0,0
654,suicidefuel,0,0,0,0,0,0,0,0,0,0,0,0,1,0,0
655,suicidewatch,0,0,0,0,0,0,0,0,0,0,0,0,1,0,0
656,suiciding,0,0,0,0,0,0,0,0,0,0,0,0,1,0,0
657,suifeul,0,0,0,0,0,0,0,0,0,0,0,0,1,0,0
658,suifuel,0,0,0,0,0,0,0,0,0,0,0,0,1,0,0
659,suiwatch,0,0,0,0,0,0,0,0,0,0,0,0,1,0,0
660,supportcel,0,0,0,0,0,0,0,0,0,0,0,0,1,0,0
661,desexualized,0,0,0,0,0,0,0,0,0,0,0,0,0,1,0
662,femcentric,0,0,0,0,0,0,0,0,0,0,0,0,0,1,0
663,feminasties,0,0,0,0,0,0,0,0,0,0,0,0,0,1,0
664,feminizes,0,0,0,0,0,0,0,0,0,0,0,0,0,1,0
665,femnazi,0,0,0,0,0,0,0,0,0,0,0,0,0,1,0
666,fempire,0,0,0,0,0,0,0,0,0,0,0,0,0,1,0
667,fempocalypse,0,0,0,0,0,0,0,0,0,0,0,0,0,1,0
668,femspeak,0,0,0,0,0,0,0,0,0,0,0,0,0,1,0
669,femtard,0,0,0,0,0,0,0,0,0,0,0,0,0,1,0
670,gynocentic,0,0,0,0,0,0,0,0,0,0,0,0,0,1,0
671,gynocentrics,0,0,0,0,0,0,0,0,0,0,0,0,0,1,0
672,gynocracy,0,0,0,0,0,0,0,0,0,0,0,0,0,1,0
673,gynocratic,0,0,0,0,0,0,0,0,0,0,0,0,0,1,0
674,meetoo,0,0,0,0,0,0,0,0,0,0,0,0,0,1,0
675,meninism,0,0,0,0,0,0,0,0,0,0,0,0,0,1,0
676,menkampf,0,0,0,0,0,0,0,0,0,0,0,0,0,1,0
677,mensez,0,0,0,0,0,0,0,0,0,0,0,0,0,1,0
678,misandrous,0,0,0,0,0,0,0,0,0,0,0,0,0,1,0
679,muhsoggyknee,0,0,0,0,0,0,0,0,0,0,0,0,0,1,0
680,nawalts,0,0,0,0,0,0,0,0,0,0,0,0,0,1,0
681,oppreshun,0,0,0,0,0,0,0,0,0,0,0,0,0,1,0
682,pedestalise,0,0,0,0,0,0,0,0,0,0,0,0,0,1,0
683,pedestalization,0,0,0,0,0,0,0,0,0,0,0,0,0,1,0
684,pedestalize,0,0,0,0,0,0,0,0,0,0,0,0,0,1,0
685,pedestalized,0,0,0,0,0,0,0,0,0,0,0,0,0,1,0
686,pedestalizing,0,0,0,0,0,0,0,0,0,0,0,0,0,1,0
687,plowhorse,0,0,0,0,0,0,0,0,0,0,0,0,0,1,0
688,poundmetoo,0,0,0,0,0,0,0,0,0,0,0,0,0,1,0
689,providership,0,0,0,0,0,0,0,0,0,0,0,0,0,1,0
690,pussification,0,0,0,0,0,0,0,0,0,0,0,0,0,1,0
691,pussyhat,0,0,0,0,0,0,0,0,0,0,0,0,0,1,0
692,tradcon,0,0,0,0,0,0,0,0,0,0,0,0,0,1,0
693,tradcons,0,0,0,0,0,0,0,0,0,0,0,0,0,1,0
694,tradcuckery,0,0,0,0,0,0,0,0,0,0,0,0,0,1,0
695,tradecon,0,0,0,0,0,0,0,0,0,0,0,0,0,1,0
696,tradthot,0,0,0,0,0,0,0,0,0,0,0,0,0,1,0
697,tradthots,0,0,0,0,0,0,0,0,0,0,0,0,0,1,0
698,tradwife,0,0,0,0,0,0,0,0,0,0,0,0,0,1,0
699,trannymax,0,0,0,0,0,0,0,0,0,0,0,0,0,1,0
700,trannymaxx,0,0,0,0,0,0,0,0,0,0,0,0,0,1,0
701,triggerd,0,0,0,0,0,0,0,0,0,0,0,0,0,1,0
702,trigglypuff,0,0,0,0,0,0,0,0,0,0,0,0,0,1,0
703,womansplain,0,0,0,0,0,0,0,0,0,0,0,0,0,1,0
704,womanspreading,0,0,0,0,0,0,0,0,0,0,0,0,0,1,0
705,soginy,0,0,0,0,0,0,0,0,0,0,0,0,0,1,0
706,acalt,0,0,0,0,0,0,0,0,0,0,0,0,0,0,1
707,biotroofs,0,0,0,0,0,0,0,0,0,0,0,0,0,0,1
708,biotruth,0,0,0,0,0,0,0,0,0,0,0,0,0,0,1
709,biotruths,0,0,0,0,0,0,0,0,0,0,0,0,0,0,1
710,boobologist,0,0,0,0,0,0,0,0,0,0,0,0,0,0,1
711,catcel,0,0,0,0,0,0,0,0,0,0,0,0,0,0,1
712,catcels,0,0,0,0,0,0,0,0,0,0,0,0,0,0,1
713,dogpill,0,0,0,0,0,0,0,0,0,0,0,0,0,0,1
714,inceldense,0,0,0,0,0,0,0,0,0,0,0,0,0,0,1
715,inceltards,0,0,0,0,0,0,0,0,0,0,0,0,0,0,1
716,incelz,0,0,0,0,0,0,0,0,0,0,0,0,0,0,1
717,inzel,0,0,0,0,0,0,0,0,0,0,0,0,0,0,1
718,jooz,0,0,0,0,0,0,0,0,0,0,0,0,0,0,1
719,misogynatomy,0,0,0,0,0,0,0,0,0,0,0,0,0,0,1
720,nopoop,0,0,0,0,0,0,0,0,0,0,0,0,0,0,1
721,pigtow,0,0,0,0,0,0,0,0,0,0,0,0,0,0,1
722,poscels,0,0,0,0,0,0,0,0,0,0,0,0,0,0,1
723,puahate,0,0,0,0,0,0,0,0,0,0,0,0,0,0,1
724,racistcel,0,0,0,0,0,0,0,0,0,0,0,0,0,0,1
725,rapecel,0,0,0,0,0,0,0,0,0,0,0,0,0,0,1
726,retardcel,0,0,0,0,0,0,0,0,0,0,0,0,0,0,1
727,retardcels,0,0,0,0,0,0,0,0,0,0,0,0,0,0,1
728,rightcels,0,0,0,0,0,0,0,0,0,0,0,0,0,0,1
729,righters,0,0,0,0,0,0,0,0,0,0,0,0,0,0,1
730,terper,0,0,0,0,0,0,0,0,0,0,0,0,0,0,1
731,terpers,0,0,0,0,0,0,0,0,0,0,0,0,0,0,1
