,word,Belitting,Flipping the narrative,Homophobia,Hostility,Patriarchy,Physical Violence,Racism,Sexual Violence,Stoicism
0,b00bs,1,0,0,0,0,0,0,0,0
1,becky,1,0,0,0,0,0,0,0,0
2,big ass,1,0,0,0,0,0,0,0,0
3,bint,1,0,0,0,0,0,0,0,0
4,bints,1,0,0,0,0,0,0,0,0
5,bird,1,0,0,0,0,0,0,0,0
6,birds,1,0,0,0,0,0,0,0,0
7,boob,1,0,0,0,0,0,0,0,0
8,boobies,1,0,0,0,0,0,0,0,0
9,boobs,1,0,0,0,0,0,0,0,0
10,booobs,1,0,0,0,0,0,0,0,0
11,boooobs,1,0,0,0,0,0,0,0,0
12,booooobs,1,0,0,0,0,0,0,0,0
13,booooooobs,1,0,0,0,0,0,0,0,0
14,camel toe,1,0,0,0,0,0,0,0,0
15,chesticles,1,0,0,0,0,0,0,0,0
16,cock waffle,1,0,0,0,0,0,0,0,0
17,dumb,1,0,0,0,0,0,0,0,0
18,dumbass,1,0,0,0,0,0,0,0,0
19,f4nny,1,0,0,0,0,0,0,0,0
20,failure,1,0,0,0,0,0,0,0,0
21,fanny,1,0,0,0,0,0,0,0,0
22,fannyflaps,1,0,0,0,0,0,0,0,0
23,female,1,0,0,0,0,0,0,0,0
24,femoid,1,0,0,0,0,0,0,0,0
25,fho,1,0,0,0,0,0,0,0,0
26,fugly,1,0,0,0,0,0,0,0,0
27,funfuck,1,0,0,0,0,0,0,0,0
28,muff,1,0,0,0,0,0,0,0,0
29,pearlnecklace,1,0,0,0,0,0,0,0,0
30,peehole,1,0,0,0,0,0,0,0,0
31,pissflaps,1,0,0,0,0,0,0,0,0
32,poon,1,0,0,0,0,0,0,0,0
33,poonani,1,0,0,0,0,0,0,0,0
34,poontang,1,0,0,0,0,0,0,0,0
35,pornprincess,1,0,0,0,0,0,0,0,0
36,pua,1,0,0,0,0,0,0,0,0
37,puntang,1,0,0,0,0,0,0,0,0
38,puss,1,0,0,0,0,0,0,0,0
39,pussylips,1,0,0,0,0,0,0,0,0
40,roastie,1,0,0,0,0,0,0,0,0
41,shit heel,1,0,0,0,0,0,0,0,0
42,shit heels,1,0,0,0,0,0,0,0,0
43,short fuck,1,0,0,0,0,0,0,0,0
44,skin flute,1,0,0,0,0,0,0,0,0
45,smv,1,0,0,0,0,0,0,0,0
46,snowflake,1,0,0,0,0,0,0,0,0
47,spermhearder,1,0,0,0,0,0,0,0,0
48,spermherder,1,0,0,0,0,0,0,0,0
49,stacy,1,0,0,0,0,0,0,0,0
50,t1tt1e5,1,0,0,0,0,0,0,0,0
51,t1tties,1,0,0,0,0,0,0,0,0
52,tittie,1,0,0,0,0,0,0,0,0
53,titties,1,0,0,0,0,0,0,0,0
54,titty,1,0,0,0,0,0,0,0,0
55,tittyfuck,1,0,0,0,0,0,0,0,0
56,unfuckable,1,0,0,0,0,0,0,0,0
57,va-j-j,1,0,0,0,0,0,0,0,0
58,beta,0,1,0,0,0,0,0,0,0
59,mgtow,0,1,0,0,0,0,0,0,0
60,mra,0,1,0,0,0,0,0,0,0
61,normie,0,1,0,0,0,0,0,0,0
62,overthrow,0,1,0,0,0,0,0,0,0
63,prevail,0,1,0,0,0,0,0,0,0
64,vanquish,0,1,0,0,0,0,0,0,0
65,analannie,0,0,1,0,0,0,0,0,0
66,ass cowboy,0,0,1,0,0,0,0,0,0
67,ass jacker,0,0,1,0,0,0,0,0,0
68,ass whore,0,0,1,0,0,0,0,0,0
69,ass-assinate,0,0,1,0,0,0,0,0,0
70,ass-jabber,0,0,1,0,0,0,0,0,0
71,ass-pirate,0,0,1,0,0,0,0,0,0
72,assbandit,0,0,1,0,0,0,0,0,0
73,assbanger,0,0,1,0,0,0,0,0,0
74,assblaster,0,0,1,0,0,0,0,0,0
75,assfuck,0,0,1,0,0,0,0,0,0
76,assfucker,0,0,1,0,0,0,0,0,0
77,asshopper,0,0,1,0,0,0,0,0,0
78,assklown,0,0,1,0,0,0,0,0,0
79,asslick,0,0,1,0,0,0,0,0,0
80,asslicker,0,0,1,0,0,0,0,0,0
81,assman,0,0,1,0,0,0,0,0,0
82,asspacker,0,0,1,0,0,0,0,0,0
83,asspuppy,0,0,1,0,0,0,0,0,0
84,assranger,0,0,1,0,0,0,0,0,0
85,asssucker,0,0,1,0,0,0,0,0,0
86,backdoor man,0,0,1,0,0,0,0,0,0
87,ball licker,0,0,1,0,0,0,0,0,0
88,bulldike,0,0,1,0,0,0,0,0,0
89,bulldyke,0,0,1,0,0,0,0,0,0
90,bunny fucker,0,0,1,0,0,0,0,0,0
91,butchdyke,0,0,1,0,0,0,0,0,0
92,butt fucker,0,0,1,0,0,0,0,0,0
93,butt pirate,0,0,1,0,0,0,0,0,0
94,buttbang,0,0,1,0,0,0,0,0,0
95,buttfuck,0,0,1,0,0,0,0,0,0
96,buttfucka,0,0,1,0,0,0,0,0,0
97,buttpirate,0,0,1,0,0,0,0,0,0
98,c0cksucker,0,0,1,0,0,0,0,0,0
99,carpet muncher,0,0,1,0,0,0,0,0,0
100,cock cowboy,0,0,1,0,0,0,0,0,0
101,cock jockey,0,0,1,0,0,0,0,0,0
102,cock licker,0,0,1,0,0,0,0,0,0
103,cock smoke,0,0,1,0,0,0,0,0,0
104,cock suck,0,0,1,0,0,0,0,0,0
105,cock-sucker,0,0,1,0,0,0,0,0,0
106,cockmunch,0,0,1,0,0,0,0,0,0
107,cockmuncher,0,0,1,0,0,0,0,0,0
108,cockqueen,0,0,1,0,0,0,0,0,0
109,cockrider,0,0,1,0,0,0,0,0,0
110,cocksman,0,0,1,0,0,0,0,0,0
111,cocksmith,0,0,1,0,0,0,0,0,0
112,cocksmoker,0,0,1,0,0,0,0,0,0
113,cocksniffer,0,0,1,0,0,0,0,0,0
114,cocksuck,0,0,1,0,0,0,0,0,0
115,cocksucked,0,0,1,0,0,0,0,0,0
116,cocksucker,0,0,1,0,0,0,0,0,0
117,cocksucking,0,0,1,0,0,0,0,0,0
118,cocksucks,0,0,1,0,0,0,0,0,0
119,cocksuka,0,0,1,0,0,0,0,0,0
120,cocksukka,0,0,1,0,0,0,0,0,0
121,cokmuncher,0,0,1,0,0,0,0,0,0
122,coksucka,0,0,1,0,0,0,0,0,0
123,cuntfucker,0,0,1,0,0,0,0,0,0
124,cuntlick,0,0,1,0,0,0,0,0,0
125,cuntlicker,0,0,1,0,0,0,0,0,0
126,cuntlicking,0,0,1,0,0,0,0,0,0
127,dick licker,0,0,1,0,0,0,0,0,0
128,dickfuck,0,0,1,0,0,0,0,0,0
129,dickfucker,0,0,1,0,0,0,0,0,0
130,dicklick,0,0,1,0,0,0,0,0,0
131,dickman,0,0,1,0,0,0,0,0,0
132,dickmonger,0,0,1,0,0,0,0,0,0
133,dicksucker,0,0,1,0,0,0,0,0,0
134,dyke,0,0,1,0,0,0,0,0,0
135,dyke jumper,0,0,1,0,0,0,0,0,0
136,dyke jumpers,0,0,1,0,0,0,0,0,0
137,dykes,0,0,1,0,0,0,0,0,0
138,fag,0,0,1,0,0,0,0,0,0
139,fagfucker,0,0,1,0,0,0,0,0,0
140,fagging,0,0,1,0,0,0,0,0,0
141,faggitt,0,0,1,0,0,0,0,0,0
142,faggot,0,0,1,0,0,0,0,0,0
143,faggs,0,0,1,0,0,0,0,0,0
144,fagot,0,0,1,0,0,0,0,0,0
145,fagots,0,0,1,0,0,0,0,0,0
146,fags,0,0,1,0,0,0,0,0,0
147,fanny fucker,0,0,1,0,0,0,0,0,0
148,fannyfucker,0,0,1,0,0,0,0,0,0
149,fingerfucker,0,0,1,0,0,0,0,0,0
150,fingerfuckers,0,0,1,0,0,0,0,0,0
151,fistfucker,0,0,1,0,0,0,0,0,0
152,fistfuckers,0,0,1,0,0,0,0,0,0
153,fudge packer,0,0,1,0,0,0,0,0,0
154,fudgepacker,0,0,1,0,0,0,0,0,0
155,gayass,0,0,1,0,0,0,0,0,0
156,gaybob,0,0,1,0,0,0,0,0,0
157,gaydo,0,0,1,0,0,0,0,0,0
158,gayfuck,0,0,1,0,0,0,0,0,0
159,gayfuckist,0,0,1,0,0,0,0,0,0
160,gaylord,0,0,1,0,0,0,0,0,0
161,gaysex,0,0,1,0,0,0,0,0,0
162,gaytard,0,0,1,0,0,0,0,0,0
163,gaywad,0,0,1,0,0,0,0,0,0
164,homo,0,0,1,0,0,0,0,0,0
165,muffdive,0,0,1,0,0,0,0,0,0
166,muffindiver,0,0,1,0,0,0,0,0,0
167,mufflikcer,0,0,1,0,0,0,0,0,0
168,nob jokey,0,0,1,0,0,0,0,0,0
169,nobhead,0,0,1,0,0,0,0,0,0
170,nobjocky,0,0,1,0,0,0,0,0,0
171,nobjokey,0,0,1,0,0,0,0,0,0
172,penisbanger,0,0,1,0,0,0,0,0,0
173,penisfucker,0,0,1,0,0,0,0,0,0
174,penispuffer,0,0,1,0,0,0,0,0,0
175,polesmoker,0,0,1,0,0,0,0,0,0
176,pussyeater,0,0,1,0,0,0,0,0,0
177,pussyfucker,0,0,1,0,0,0,0,0,0
178,pussylicker,0,0,1,0,0,0,0,0,0
179,pussylicking,0,0,1,0,0,0,0,0,0
180,pussylover,0,0,1,0,0,0,0,0,0
181,pussypounder,0,0,1,0,0,0,0,0,0
182,queer,0,0,1,0,0,0,0,0,0
183,queers,0,0,1,0,0,0,0,0,0
184,rimjaw,0,0,1,0,0,0,0,0,0
185,sodomite,0,0,1,0,0,0,0,0,0
186,lez,0,0,1,0,0,0,0,0,0
187,lezbo,0,0,1,0,0,0,0,0,0
188,lezz,0,0,1,0,0,0,0,0,0
189,lezzie,0,0,1,0,0,0,0,0,0
190,lezzo,0,0,1,0,0,0,0,0,0
191,ass-hat,0,0,0,1,0,0,0,0,0
192,assbag,0,0,0,1,0,0,0,0,0
193,assbite,0,0,0,1,0,0,0,0,0
194,asscock,0,0,0,1,0,0,0,0,0
195,assface,0,0,0,1,0,0,0,0,0
196,asshat,0,0,0,1,0,0,0,0,0
197,asshead,0,0,0,1,0,0,0,0,0
198,asshole,0,0,0,1,0,0,0,0,0
199,assshit,0,0,0,1,0,0,0,0,0
200,asswipe,0,0,0,1,0,0,0,0,0
201,awalt,0,0,0,1,0,0,0,0,0
202,b!tch,0,0,0,1,0,0,0,0,0
203,b17ch,0,0,0,1,0,0,0,0,0
204,b1tch,0,0,0,1,0,0,0,0,0
205,bad fuck,0,0,0,1,0,0,0,0,0
206,balls,0,0,0,1,0,0,0,0,0
207,banging,0,0,0,1,0,0,0,0,0
208,bastard,0,0,0,1,0,0,0,0,0
209,beastiality,0,0,0,1,0,0,0,0,0
210,beat,0,0,0,1,0,0,0,0,0
211,beaver,0,0,0,1,0,0,0,0,0
212,bi+ch,0,0,0,1,0,0,0,0,0
213,biatch,0,0,0,1,0,0,0,0,0
214,big butt,0,0,0,1,0,0,0,0,0
215,bitch,0,0,0,1,0,0,0,0,0
216,bitch ass,0,0,0,1,0,0,0,0,0
217,bitcher,0,0,0,1,0,0,0,0,0
218,bitchers,0,0,0,1,0,0,0,0,0
219,bitches,0,0,0,1,0,0,0,0,0
220,bitchtits,0,0,0,1,0,0,0,0,0
221,bite me,0,0,0,1,0,0,0,0,0
222,blockhead,0,0,0,1,0,0,0,0,0
223,blockheads,0,0,0,1,0,0,0,0,0
224,boang,0,0,0,1,0,0,0,0,0
225,bogan,0,0,0,1,0,0,0,0,0
226,bogans,0,0,0,1,0,0,0,0,0
227,bottom-feeder,0,0,0,1,0,0,0,0,0
228,brotherfucker,0,0,0,1,0,0,0,0,0
229,butterhead,0,0,0,1,0,0,0,0,0
230,butterheads,0,0,0,1,0,0,0,0,0
231,buttface,0,0,0,1,0,0,0,0,0
232,byatch,0,0,0,1,0,0,0,0,0
233,cause pain,0,0,0,1,0,0,0,0,0
234,chav,0,0,0,1,0,0,0,0,0
235,chavs,0,0,0,1,0,0,0,0,0
236,cheese eating surrender monkey,0,0,0,1,0,0,0,0,0
237,cheese eating surrender monkies,0,0,0,1,0,0,0,0,0
238,clitface,0,0,0,1,0,0,0,0,0
239,cock knob,0,0,0,1,0,0,0,0,0
240,cockbite,0,0,0,1,0,0,0,0,0
241,cockblocker,0,0,0,1,0,0,0,0,0
242,cockhead,0,0,0,1,0,0,0,0,0
243,cockmaster,0,0,0,1,0,0,0,0,0
244,cockmongler,0,0,0,1,0,0,0,0,0
245,cocknose,0,0,0,1,0,0,0,0,0
246,cocknugget,0,0,0,1,0,0,0,0,0
247,conchuda,0,0,0,1,0,0,0,0,0
248,conchudas,0,0,0,1,0,0,0,0,0
249,coochie,0,0,0,1,0,0,0,0,0
250,coochy,0,0,0,1,0,0,0,0,0
251,crotchrot,0,0,0,1,0,0,0,0,0
252,cum bubble,0,0,0,1,0,0,0,0,0
253,cum guzzler,0,0,0,1,0,0,0,0,0
254,cum jockey,0,0,0,1,0,0,0,0,0
255,cum tart,0,0,0,1,0,0,0,0,0
256,cumdumpster,0,0,0,1,0,0,0,0,0
257,cumquat,0,0,0,1,0,0,0,0,0
258,cumqueen,0,0,0,1,0,0,0,0,0
259,cumslut,0,0,0,1,0,0,0,0,0
260,cunt,0,0,0,1,0,0,0,0,0
261,cunt rag,0,0,0,1,0,0,0,0,0
262,cuntass,0,0,0,1,0,0,0,0,0
263,cuntface,0,0,0,1,0,0,0,0,0
264,cuntfuck,0,0,0,1,0,0,0,0,0
265,cunthole,0,0,0,1,0,0,0,0,0
266,cuntlick,0,0,0,1,0,0,0,0,0
267,cunts,0,0,0,1,0,0,0,0,0
268,cuntslut,0,0,0,1,0,0,0,0,0
269,demonrats,0,0,0,1,0,0,0,0,0
270,dick beaters,0,0,0,1,0,0,0,0,0
271,dick for brains,0,0,0,1,0,0,0,0,0
272,dick weasel,0,0,0,1,0,0,0,0,0
273,dick wod,0,0,0,1,0,0,0,0,0
274,dickbag,0,0,0,1,0,0,0,0,0
275,dickbrain,0,0,0,1,0,0,0,0,0
276,dickface,0,0,0,1,0,0,0,0,0
277,dickless,0,0,0,1,0,0,0,0,0
278,dicktickler,0,0,0,1,0,0,0,0,0
279,dickwad,0,0,0,1,0,0,0,0,0
280,dickweed,0,0,0,1,0,0,0,0,0
281,dingo fucker,0,0,0,1,0,0,0,0,0
282,dingo fuckers,0,0,0,1,0,0,0,0,0
283,dipshit,0,0,0,1,0,0,0,0,0
284,dipstick,0,0,0,1,0,0,0,0,0
285,douche,0,0,0,1,0,0,0,0,0
286,douchebag,0,0,0,1,0,0,0,0,0
287,dum ass,0,0,0,1,0,0,0,0,0
288,dumb fuck,0,0,0,1,0,0,0,0,0
289,dumbass,0,0,0,1,0,0,0,0,0
290,dumbbitch,0,0,0,1,0,0,0,0,0
291,dumbfuck,0,0,0,1,0,0,0,0,0
292,eat me,0,0,0,1,0,0,0,0,0
293,eat pussy,0,0,0,1,0,0,0,0,0
294,entrap,0,0,0,1,0,0,0,0,0
295,ewalt,0,0,0,1,0,0,0,0,0
296,extort,0,0,0,1,0,0,0,0,0
297,fastfuck,0,0,0,1,0,0,0,0,0
298,fatass,0,0,0,1,0,0,0,0,0
299,felcher,0,0,0,1,0,0,0,0,0
300,feltcher,0,0,0,1,0,0,0,0,0
301,finger fucker,0,0,0,1,0,0,0,0,0
302,fingerfuckers,0,0,0,1,0,0,0,0,0
303,fist fuck,0,0,0,1,0,0,0,0,0
304,fistfucker,0,0,0,1,0,0,0,0,0
305,footfucker,0,0,0,1,0,0,0,0,0
306,fucka,0,0,0,1,0,0,0,0,0
307,fuckable,0,0,0,1,0,0,0,0,0
308,fuckass,0,0,0,1,0,0,0,0,0
309,fuckbag,0,0,0,1,0,0,0,0,0
310,fuckboy,0,0,0,1,0,0,0,0,0
311,fuckbrain,0,0,0,1,0,0,0,0,0
312,fuckbuddy,0,0,0,1,0,0,0,0,0
313,fucker,0,0,0,1,0,0,0,0,0
314,fuckers,0,0,0,1,0,0,0,0,0
315,fuckersucker,0,0,0,1,0,0,0,0,0
316,fuckface,0,0,0,1,0,0,0,0,0
317,fuckfest,0,0,0,1,0,0,0,0,0
318,fuckfreak,0,0,0,1,0,0,0,0,0
319,fuckfriend,0,0,0,1,0,0,0,0,0
320,fuckhead,0,0,0,1,0,0,0,0,0
321,fuckher,0,0,0,1,0,0,0,0,0
322,fuckina,0,0,0,1,0,0,0,0,0
323,fuckingbitch,0,0,0,1,0,0,0,0,0
324,fuckit,0,0,0,1,0,0,0,0,0
325,fuckknob,0,0,0,1,0,0,0,0,0
326,fuckpig,0,0,0,1,0,0,0,0,0
327,fucktard,0,0,0,1,0,0,0,0,0
328,fuckup,0,0,0,1,0,0,0,0,0
329,fuckwhore,0,0,0,1,0,0,0,0,0
330,fuckyou,0,0,0,1,0,0,0,0,0
331,gangbanger,0,0,0,1,0,0,0,0,0
332,gash,0,0,0,1,0,0,0,0,0
333,gashes,0,0,0,1,0,0,0,0,0
334,greaseball,0,0,0,1,0,0,0,0,0
335,harm,0,0,0,1,0,0,0,0,0
336,hate,0,0,0,1,0,0,0,0,0
337,hayseed,0,0,0,1,0,0,0,0,0
338,hick,0,0,0,1,0,0,0,0,0
339,hicks,0,0,0,1,0,0,0,0,0
340,hillbilly,0,0,0,1,0,0,0,0,0
341,ho,0,0,0,1,0,0,0,0,0
342,hoar,0,0,0,1,0,0,0,0,0
343,hoare,0,0,0,1,0,0,0,0,0
344,hoe,0,0,0,1,0,0,0,0,0
345,hoer,0,0,0,1,0,0,0,0,0
346,hoes,0,0,0,1,0,0,0,0,0
347,honkey,0,0,0,1,0,0,0,0,0
348,honky,0,0,0,1,0,0,0,0,0
349,hoodrat,0,0,0,1,0,0,0,0,0
350,hoodrats,0,0,0,1,0,0,0,0,0
351,hore,0,0,0,1,0,0,0,0,0
352,hos,0,0,0,1,0,0,0,0,0
353,hurt,0,0,0,1,0,0,0,0,0
354,hussy,0,0,0,1,0,0,0,0,0
355,idiot,0,0,0,1,0,0,0,0,0
356,idiots,0,0,0,1,0,0,0,0,0
357,intimidate,0,0,0,1,0,0,0,0,0
358,jackass,0,0,0,1,0,0,0,0,0
359,kunt,0,0,0,1,0,0,0,0,0
360,l3i+ch,0,0,0,1,0,0,0,0,0
361,l3itch,0,0,0,1,0,0,0,0,0
362,lardass,0,0,0,1,0,0,0,0,0
363,libtards,0,0,0,1,0,0,0,0,0
364,limpdick,0,0,0,1,0,0,0,0,0
365,menace,0,0,0,1,0,0,0,0,0
366,milf,0,0,0,1,0,0,0,0,0
367,minge,0,0,0,1,0,0,0,0,0
368,mock,0,0,0,1,0,0,0,0,0
369,mocks,0,0,0,1,0,0,0,0,0
370,moron,0,0,0,1,0,0,0,0,0
371,mothafuck,0,0,0,1,0,0,0,0,0
372,mothafucka,0,0,0,1,0,0,0,0,0
373,mothafuckas,0,0,0,1,0,0,0,0,0
374,mothafuckaz,0,0,0,1,0,0,0,0,0
375,mothafucked,0,0,0,1,0,0,0,0,0
376,mothafucker,0,0,0,1,0,0,0,0,0
377,mothafuckers,0,0,0,1,0,0,0,0,0
378,mothafucks,0,0,0,1,0,0,0,0,0
379,mother fucker,0,0,0,1,0,0,0,0,0
380,motherfuck,0,0,0,1,0,0,0,0,0
381,motherfucked,0,0,0,1,0,0,0,0,0
382,motherfucker,0,0,0,1,0,0,0,0,0
383,motherfuckers,0,0,0,1,0,0,0,0,0
384,motherfuckings,0,0,0,1,0,0,0,0,0
385,motherfuckka,0,0,0,1,0,0,0,0,0
386,motherfucks,0,0,0,1,0,0,0,0,0
387,muthafecker,0,0,0,1,0,0,0,0,0
388,muthafuckker,0,0,0,1,0,0,0,0,0
389,mutherfucker,0,0,0,1,0,0,0,0,0
390,nutsack,0,0,0,1,0,0,0,0,0
391,paleface,0,0,0,1,0,0,0,0,0
392,palefaces,0,0,0,1,0,0,0,0,0
393,panooch,0,0,0,1,0,0,0,0,0
394,peckerwood,0,0,0,1,0,0,0,0,0
395,pindick,0,0,0,1,0,0,0,0,0
396,pohm,0,0,0,1,0,0,0,0,0
397,pohms,0,0,0,1,0,0,0,0,0
398,poor white trash,0,0,0,1,0,0,0,0,0
399,pu55i,0,0,0,1,0,0,0,0,0
400,pu55y,0,0,0,1,0,0,0,0,0
401,punish,0,0,0,1,0,0,0,0,0
402,pusse,0,0,0,1,0,0,0,0,0
403,pussi,0,0,0,1,0,0,0,0,0
404,pussie,0,0,0,1,0,0,0,0,0
405,pussies,0,0,0,1,0,0,0,0,0
406,pussy,0,0,0,1,0,0,0,0,0
407,pussys,0,0,0,1,0,0,0,0,0
408,pusy,0,0,0,1,0,0,0,0,0
409,queerhole,0,0,0,1,0,0,0,0,0
410,redneck,0,0,0,1,0,0,0,0,0
411,rednecks,0,0,0,1,0,0,0,0,0
412,rentafuck,0,0,0,1,0,0,0,0,0
413,retard,0,0,0,1,0,0,0,0,0
414,retarded,0,0,0,1,0,0,0,0,0
415,russellite,0,0,0,1,0,0,0,0,0
416,russellites,0,0,0,1,0,0,0,0,0
417,scag,0,0,0,1,0,0,0,0,0
418,scags,0,0,0,1,0,0,0,0,0
419,scumbag,0,0,0,1,0,0,0,0,0
420,seppo,0,0,0,1,0,0,0,0,0
421,seppos,0,0,0,1,0,0,0,0,0
422,sheepfucker,0,0,0,1,0,0,0,0,0
423,sheepfuckers,0,0,0,1,0,0,0,0,0
424,shit kicker,0,0,0,1,0,0,0,0,0
425,shit kickers,0,0,0,1,0,0,0,0,0
426,shitface,0,0,0,1,0,0,0,0,0
427,shithead,0,0,0,1,0,0,0,0,0
428,shitspitter,0,0,0,1,0,0,0,0,0
429,skag,0,0,0,1,0,0,0,0,0
430,skags,0,0,0,1,0,0,0,0,0
431,skank,0,0,0,1,0,0,0,0,0
432,skank bitch,0,0,0,1,0,0,0,0,0
433,skank fuck,0,0,0,1,0,0,0,0,0
434,skank whore,0,0,0,1,0,0,0,0,0
435,skanky,0,0,0,1,0,0,0,0,0
436,skanky bitch,0,0,0,1,0,0,0,0,0
437,skanky whore,0,0,0,1,0,0,0,0,0
438,skullfuck,0,0,0,1,0,0,0,0,0
439,slag,0,0,0,1,0,0,0,0,0
440,slags,0,0,0,1,0,0,0,0,0
441,slit,0,0,0,1,0,0,0,0,0
442,slits,0,0,0,1,0,0,0,0,0
443,slut,0,0,0,1,0,0,0,0,0
444,slut wear,0,0,0,1,0,0,0,0,0
445,slut whore,0,0,0,1,0,0,0,0,0
446,slutbag,0,0,0,1,0,0,0,0,0
447,sluts,0,0,0,1,0,0,0,0,0
448,slutt,0,0,0,1,0,0,0,0,0
449,slutting,0,0,0,1,0,0,0,0,0
450,slutty,0,0,0,1,0,0,0,0,0
451,slutwhore,0,0,0,1,0,0,0,0,0
452,smear,0,0,0,1,0,0,0,0,0
453,snatch,0,0,0,1,0,0,0,0,0
454,son-of-a-bitch,0,0,0,1,0,0,0,0,0
455,spermbag,0,0,0,1,0,0,0,0,0
456,sub human,0,0,0,1,0,0,0,0,0
457,sub humans,0,0,0,1,0,0,0,0,0
458,suckme,0,0,0,1,0,0,0,0,0
459,suckmytit,0,0,0,1,0,0,0,0,0
460,tard,0,0,0,1,0,0,0,0,0
461,terrorize,0,0,0,1,0,0,0,0,0
462,threaten,0,0,0,1,0,0,0,0,0
463,thrust,0,0,0,1,0,0,0,0,0
464,titfucker,0,0,0,1,0,0,0,0,0
465,titfuckin,0,0,0,1,0,0,0,0,0
466,trailertrash,0,0,0,1,0,0,0,0,0
467,trisexual,0,0,0,1,0,0,0,0,0
468,turd,0,0,0,1,0,0,0,0,0
469,tw4t,0,0,0,1,0,0,0,0,0
470,twat,0,0,0,1,0,0,0,0,0
471,twathead,0,0,0,1,0,0,0,0,0
472,twats,0,0,0,1,0,0,0,0,0
473,twatty,0,0,0,1,0,0,0,0,0
474,twatwaffle,0,0,0,1,0,0,0,0,0
475,twobitwhore,0,0,0,1,0,0,0,0,0
476,twunt,0,0,0,1,0,0,0,0,0
477,twunter,0,0,0,1,0,0,0,0,0
478,wanker,0,0,0,1,0,0,0,0,0
479,wasp,0,0,0,1,0,0,0,0,0
480,wasps,0,0,0,1,0,0,0,0,0
481,waspy,0,0,0,1,0,0,0,0,0
482,white trash,0,0,0,1,0,0,0,0,0
483,whitey,0,0,0,1,0,0,0,0,0
484,whities,0,0,0,1,0,0,0,0,0
485,whoar,0,0,0,1,0,0,0,0,0
486,whore,0,0,0,1,0,0,0,0,0
487,whore from fife,0,0,0,1,0,0,0,0,0
488,whore from fifes,0,0,0,1,0,0,0,0,0
489,whorefucker,0,0,0,1,0,0,0,0,0
490,whores,0,0,0,1,0,0,0,0,0
491,williewanker,0,0,0,1,0,0,0,0,0
492,wuss,0,0,0,1,0,0,0,0,0
493,yankee,0,0,0,1,0,0,0,0,0
494,amog,0,0,0,0,1,0,0,0,0
495,betabuxx,0,0,0,0,1,0,0,0,0
496,compel,0,0,0,0,1,0,0,0,0
497,oblige,0,0,0,0,1,0,0,0,0
498,omega,0,0,0,0,1,0,0,0,0
499,overwhelm,0,0,0,0,1,0,0,0,0
500,subjugate,0,0,0,0,1,0,0,0,0
501,suppress,0,0,0,0,1,0,0,0,0
502,annihilate,0,0,0,0,0,1,0,0,0
503,assail,0,0,0,0,0,1,0,0,0
504,assassinate,0,0,0,0,0,1,0,0,0
505,assault,0,0,0,0,0,1,0,0,0
506,attack,0,0,0,0,0,1,0,0,0
507,bang,0,0,0,0,0,1,0,0,0
508,batter,0,0,0,0,0,1,0,0,0
509,blast,0,0,0,0,0,1,0,0,0
510,block,0,0,0,0,0,1,0,0,0
511,bring down,0,0,0,0,0,1,0,0,0
512,bruise,0,0,0,0,0,1,0,0,0
513,brutalise,0,0,0,0,0,1,0,0,0
514,burn,0,0,0,0,0,1,0,0,0
515,bust,0,0,0,0,0,1,0,0,0
516,butcher,0,0,0,0,0,1,0,0,0
517,carry off,0,0,0,0,0,1,0,0,0
518,choke,0,0,0,0,0,1,0,0,0
519,clobber,0,0,0,0,0,1,0,0,0
520,concuss,0,0,0,0,0,1,0,0,0
521,constrain,0,0,0,0,0,1,0,0,0
522,crack,0,0,0,0,0,1,0,0,0
523,crush,0,0,0,0,0,1,0,0,0
524,cut,0,0,0,0,0,1,0,0,0
525,decimate,0,0,0,0,0,1,0,0,0
526,demolish,0,0,0,0,0,1,0,0,0
527,destroy,0,0,0,0,0,1,0,0,0
528,dispose of,0,0,0,0,0,1,0,0,0
529,drown,0,0,0,0,0,1,0,0,0
530,enslave,0,0,0,0,0,1,0,0,0
531,er,0,0,0,0,0,1,0,0,0
532,exterminate,0,0,0,0,0,1,0,0,0
533,finish off,0,0,0,0,0,1,0,0,0
534,flagellate,0,0,0,0,0,1,0,0,0
535,force,0,0,0,0,0,1,0,0,0
536,gag,0,0,0,0,0,1,0,0,0
537,hit,0,0,0,0,0,1,0,0,0
538,jump,0,0,0,0,0,1,0,0,0
539,kick,0,0,0,0,0,1,0,0,0
540,kill,0,0,0,0,0,1,0,0,0
541,lock up,0,0,0,0,0,1,0,0,0
542,maul,0,0,0,0,0,1,0,0,0
543,murder,0,0,0,0,0,1,0,0,0
544,obliterate,0,0,0,0,0,1,0,0,0
545,pelt,0,0,0,0,0,1,0,0,0
546,plunk,0,0,0,0,0,1,0,0,0
547,pounce upon,0,0,0,0,0,1,0,0,0
548,pummel,0,0,0,0,0,1,0,0,0
549,punch,0,0,0,0,0,1,0,0,0
550,raid,0,0,0,0,0,1,0,0,0
551,ram,0,0,0,0,0,1,0,0,0
552,shake,0,0,0,0,0,1,0,0,0
553,shake down,0,0,0,0,0,1,0,0,0
554,shoot ,0,0,0,0,0,1,0,0,0
555,shove,0,0,0,0,0,1,0,0,0
556,slam,0,0,0,0,0,1,0,0,0
557,slap,0,0,0,0,0,1,0,0,0
558,slaughter,0,0,0,0,0,1,0,0,0
559,slog,0,0,0,0,0,1,0,0,0
560,smack,0,0,0,0,0,1,0,0,0
561,smash,0,0,0,0,0,1,0,0,0
562,smother,0,0,0,0,0,1,0,0,0
563,stab,0,0,0,0,0,1,0,0,0
564,strangle,0,0,0,0,0,1,0,0,0
565,strike,0,0,0,0,0,1,0,0,0
566,strong-arm,0,0,0,0,0,1,0,0,0
567,thrash,0,0,0,0,0,1,0,0,0
568,thresh,0,0,0,0,0,1,0,0,0
569,thwack,0,0,0,0,0,1,0,0,0
570,trample,0,0,0,0,0,1,0,0,0
571,trounce,0,0,0,0,0,1,0,0,0
572,vaporize,0,0,0,0,0,1,0,0,0
573,wallop,0,0,0,0,0,1,0,0,0
574,whip,0,0,0,0,0,1,0,0,0
575,abbo,0,0,0,0,0,0,1,0,0
576,abbos,0,0,0,0,0,0,1,0,0
577,abo,0,0,0,0,0,0,1,0,0
578,abos,0,0,0,0,0,0,1,0,0
579,african catfish,0,0,0,0,0,0,1,0,0
580,african catfishes,0,0,0,0,0,0,1,0,0
581,african forklift,0,0,0,0,0,0,1,0,0
582,africoon,0,0,0,0,0,0,1,0,0
583,africoons,0,0,0,0,0,0,1,0,0
584,afro-saxon,0,0,0,0,0,0,1,0,0
585,afro-saxons,0,0,0,0,0,0,1,0,0
586,albino,0,0,0,0,0,0,1,0,0
587,albinos,0,0,0,0,0,0,1,0,0
588,alligator bait,0,0,0,0,0,0,1,0,0
589,alligator baits,0,0,0,0,0,0,1,0,0
590,americoon,0,0,0,0,0,0,1,0,0
591,americoons,0,0,0,0,0,0,1,0,0
592,amo,0,0,0,0,0,0,1,0,0
593,amos,0,0,0,0,0,0,1,0,0
594,anglo,0,0,0,0,0,0,1,0,0
595,anglos,0,0,0,0,0,0,1,0,0
596,arab,0,0,0,0,0,0,1,0,0
597,argie,0,0,0,0,0,0,1,0,0
598,argies,0,0,0,0,0,0,1,0,0
599,armo,0,0,0,0,0,0,1,0,0
600,armos,0,0,0,0,0,0,1,0,0
601,assnigger,0,0,0,0,0,0,1,0,0
602,aunt jemima,0,0,0,0,0,0,1,0,0
603,aunt jemimas,0,0,0,0,0,0,1,0,0
604,bamboo coon,0,0,0,0,0,0,1,0,0
605,bamboo coons,0,0,0,0,0,0,1,0,0
606,banana bender,0,0,0,0,0,0,1,0,0
607,banana benders,0,0,0,0,0,0,1,0,0
608,banana lander,0,0,0,0,0,0,1,0,0
609,banana landers,0,0,0,0,0,0,1,0,0
610,banjo lips,0,0,0,0,0,0,1,0,0
611,bans and cans,0,0,0,0,0,0,1,0,0
612,beach nigger,0,0,0,0,0,0,1,0,0
613,beach niggers,0,0,0,0,0,0,1,0,0
614,bean dipper,0,0,0,0,0,0,1,0,0
615,bean dippers,0,0,0,0,0,0,1,0,0
616,beaner,0,0,0,0,0,0,1,0,0
617,beaner shnitzel,0,0,0,0,0,0,1,0,0
618,beaner shnitzels,0,0,0,0,0,0,1,0,0
619,beaners,0,0,0,0,0,0,1,0,0
620,beaney,0,0,0,0,0,0,1,0,0
621,beanies,0,0,0,0,0,0,1,0,0
622,bhrempti,0,0,0,0,0,0,1,0,0
623,bhremptis,0,0,0,0,0,0,1,0,0
624,bigger,0,0,0,0,0,0,1,0,0
625,bix nood,0,0,0,0,0,0,1,0,0
626,bix noods,0,0,0,0,0,0,1,0,0
627,black,0,0,0,0,0,0,1,0,0
628,black barbie,0,0,0,0,0,0,1,0,0
629,black barbies,0,0,0,0,0,0,1,0,0
630,black dago,0,0,0,0,0,0,1,0,0
631,black dagos,0,0,0,0,0,0,1,0,0
632,blaxican,0,0,0,0,0,0,1,0,0
633,blaxicans,0,0,0,0,0,0,1,0,0
634,bluegum,0,0,0,0,0,0,1,0,0
635,bluegums,0,0,0,0,0,0,1,0,0
636,bog hopper,0,0,0,0,0,0,1,0,0
637,bog hoppers,0,0,0,0,0,0,1,0,0
638,bog irish,0,0,0,0,0,0,1,0,0
639,bog irishes,0,0,0,0,0,0,1,0,0
640,bog jumper,0,0,0,0,0,0,1,0,0
641,bog jumpers,0,0,0,0,0,0,1,0,0
642,bog trotter,0,0,0,0,0,0,1,0,0
643,bog trotters,0,0,0,0,0,0,1,0,0
644,bohunk,0,0,0,0,0,0,1,0,0
645,booner,0,0,0,0,0,0,1,0,0
646,booners,0,0,0,0,0,0,1,0,0
647,boong,0,0,0,0,0,0,1,0,0
648,boonga,0,0,0,0,0,0,1,0,0
649,boongas,0,0,0,0,0,0,1,0,0
650,boongs,0,0,0,0,0,0,1,0,0
651,boonie,0,0,0,0,0,0,1,0,0
652,boonies,0,0,0,0,0,0,1,0,0
653,border bunnies,0,0,0,0,0,0,1,0,0
654,border bunny,0,0,0,0,0,0,1,0,0
655,border hoppers,0,0,0,0,0,0,1,0,0
656,border nigger,0,0,0,0,0,0,1,0,0
657,border niggers,0,0,0,0,0,0,1,0,0
658,buckethead,0,0,0,0,0,0,1,0,0
659,bucketheads,0,0,0,0,0,0,1,0,0
660,buckra,0,0,0,0,0,0,1,0,0
661,buckras,0,0,0,0,0,0,1,0,0
662,buckwheat,0,0,0,0,0,0,1,0,0
663,buckwheats,0,0,0,0,0,0,1,0,0
664,buddhahead,0,0,0,0,0,0,1,0,0
665,buddhaheads,0,0,0,0,0,0,1,0,0
666,buffie,0,0,0,0,0,0,1,0,0
667,buffies,0,0,0,0,0,0,1,0,0
668,bug eater,0,0,0,0,0,0,1,0,0
669,bug eaters,0,0,0,0,0,0,1,0,0
670,buk buk,0,0,0,0,0,0,1,0,0
671,buk buks,0,0,0,0,0,0,1,0,0
672,bung,0,0,0,0,0,0,1,0,0
673,bunga,0,0,0,0,0,0,1,0,0
674,bungas,0,0,0,0,0,0,1,0,0
675,bungs,0,0,0,0,0,0,1,0,0
676,burrhead,0,0,0,0,0,0,1,0,0
677,burrheads,0,0,0,0,0,0,1,0,0
678,cab nigger,0,0,0,0,0,0,1,0,0
679,cab niggers,0,0,0,0,0,0,1,0,0
680,camel cowboies,0,0,0,0,0,0,1,0,0
681,camel cowboy,0,0,0,0,0,0,1,0,0
682,camel fucker,0,0,0,0,0,0,1,0,0
683,camel fuckers,0,0,0,0,0,0,1,0,0
684,camel humper,0,0,0,0,0,0,1,0,0
685,camel humpers,0,0,0,0,0,0,1,0,0
686,camel jacker,0,0,0,0,0,0,1,0,0
687,camel jackers,0,0,0,0,0,0,1,0,0
688,camel jockey,0,0,0,0,0,0,1,0,0
689,can eater,0,0,0,0,0,0,1,0,0
690,can eaters,0,0,0,0,0,0,1,0,0
691,canuck,0,0,0,0,0,0,1,0,0
692,carpet pilot,0,0,0,0,0,0,1,0,0
693,carpet pilots,0,0,0,0,0,0,1,0,0
694,carrot snapper,0,0,0,0,0,0,1,0,0
695,carrot snappers,0,0,0,0,0,0,1,0,0
696,caublasian,0,0,0,0,0,0,1,0,0
697,caublasians,0,0,0,0,0,0,1,0,0
698,cave nigger,0,0,0,0,0,0,1,0,0
699,cave niggers,0,0,0,0,0,0,1,0,0
700,charva,0,0,0,0,0,0,1,0,0
701,charvas,0,0,0,0,0,0,1,0,0
702,chigger,0,0,0,0,0,0,1,0,0
703,chiggers,0,0,0,0,0,0,1,0,0
704,chili shitter,0,0,0,0,0,0,1,0,0
705,chili shitters,0,0,0,0,0,0,1,0,0
706,chinaman,0,0,0,0,0,0,1,0,0
707,chinc,0,0,0,0,0,0,1,0,0
708,chinese wetback,0,0,0,0,0,0,1,0,0
709,chinese wetbacks,0,0,0,0,0,0,1,0,0
710,ching chong,0,0,0,0,0,0,1,0,0
711,ching chongs,0,0,0,0,0,0,1,0,0
712,chinig,0,0,0,0,0,0,1,0,0
713,chinigs,0,0,0,0,0,0,1,0,0
714,chink,0,0,0,0,0,0,1,0,0
715,chink a billies,0,0,0,0,0,0,1,0,0
716,chink a billy,0,0,0,0,0,0,1,0,0
717,chinks,0,0,0,0,0,0,1,0,0
718,chinky,0,0,0,0,0,0,1,0,0
719,chonkies,0,0,0,0,0,0,1,0,0
720,chonky,0,0,0,0,0,0,1,0,0
721,christ killer,0,0,0,0,0,0,1,0,0
722,christ killers,0,0,0,0,0,0,1,0,0
723,chug,0,0,0,0,0,0,1,0,0
724,chugs,0,0,0,0,0,0,1,0,0
725,clamhead,0,0,0,0,0,0,1,0,0
726,clamheads,0,0,0,0,0,0,1,0,0
727,clog wog,0,0,0,0,0,0,1,0,0
728,coolie,0,0,0,0,0,0,1,0,0
729,coolies,0,0,0,0,0,0,1,0,0
730,coon,0,0,0,0,0,0,1,0,0
731,coondog,0,0,0,0,0,0,1,0,0
732,coons,0,0,0,0,0,0,1,0,0
733,cow kisser,0,0,0,0,0,0,1,0,0
734,cow kissers,0,0,0,0,0,0,1,0,0
735,cowboy killer,0,0,0,0,0,0,1,0,0
736,cowboy killers,0,0,0,0,0,0,1,0,0
737,cracker,0,0,0,0,0,0,1,0,0
738,crackers,0,0,0,0,0,0,1,0,0
739,cunteyed,0,0,0,0,0,0,1,0,0
740,curry slurper,0,0,0,0,0,0,1,0,0
741,curry slurpers,0,0,0,0,0,0,1,0,0
742,curry stinker,0,0,0,0,0,0,1,0,0
743,curry stinkers,0,0,0,0,0,0,1,0,0
744,cushi,0,0,0,0,0,0,1,0,0
745,cushis,0,0,0,0,0,0,1,0,0
746,cushite,0,0,0,0,0,0,1,0,0
747,cushites,0,0,0,0,0,0,1,0,0
748,dago,0,0,0,0,0,0,1,0,0
749,dagos,0,0,0,0,0,0,1,0,0
750,darkey,0,0,0,0,0,0,1,0,0
751,darkie,0,0,0,0,0,0,1,0,0
752,darkies,0,0,0,0,0,0,1,0,0
753,darky,0,0,0,0,0,0,1,0,0
754,dego,0,0,0,0,0,0,1,0,0
755,degos,0,0,0,0,0,0,1,0,0
756,diaper head,0,0,0,0,0,0,1,0,0
757,diaper heads,0,0,0,0,0,0,1,0,0
758,dinge,0,0,0,0,0,0,1,0,0
759,dinges,0,0,0,0,0,0,1,0,0
760,dogun,0,0,0,0,0,0,1,0,0
761,doguns,0,0,0,0,0,0,1,0,0
762,dot head,0,0,0,0,0,0,1,0,0
763,dot heads,0,0,0,0,0,0,1,0,0
764,dune coon,0,0,0,0,0,0,1,0,0
765,dune coons,0,0,0,0,0,0,1,0,0
766,dune nigger,0,0,0,0,0,0,1,0,0
767,dune niggers,0,0,0,0,0,0,1,0,0
768,eskimo,0,0,0,0,0,0,1,0,0
769,eyetie,0,0,0,0,0,0,1,0,0
770,eyeties,0,0,0,0,0,0,1,0,0
771,fob,0,0,0,0,0,0,1,0,0
772,fobs,0,0,0,0,0,0,1,0,0
773,fog nigger,0,0,0,0,0,0,1,0,0
774,fog niggers,0,0,0,0,0,0,1,0,0
775,fresh off the boat,0,0,0,0,0,0,1,0,0
776,fresh off the boats,0,0,0,0,0,0,1,0,0
777,gator bait,0,0,0,0,0,0,1,0,0
778,gator baits,0,0,0,0,0,0,1,0,0
779,gerudo,0,0,0,0,0,0,1,0,0
780,gerudos,0,0,0,0,0,0,1,0,0
781,gew,0,0,0,0,0,0,1,0,0
782,gews,0,0,0,0,0,0,1,0,0
783,ghetto hamster,0,0,0,0,0,0,1,0,0
784,ghetto hamsters,0,0,0,0,0,0,1,0,0
785,gin jockey,0,0,0,0,0,0,1,0,0
786,gin jockies,0,0,0,0,0,0,1,0,0
787,ginzo,0,0,0,0,0,0,1,0,0
788,ginzos,0,0,0,0,0,0,1,0,0
789,gipp,0,0,0,0,0,0,1,0,0
790,gippo,0,0,0,0,0,0,1,0,0
791,gippos,0,0,0,0,0,0,1,0,0
792,gipps,0,0,0,0,0,0,1,0,0
793,gipsy,0,0,0,0,0,0,1,0,0
794,golliwog,0,0,0,0,0,0,1,0,0
795,golliwogs,0,0,0,0,0,0,1,0,0
796,gook,0,0,0,0,0,0,1,0,0
797,gook eye,0,0,0,0,0,0,1,0,0
798,gook eyes,0,0,0,0,0,0,1,0,0
799,gookies,0,0,0,0,0,0,1,0,0
800,gooks,0,0,0,0,0,0,1,0,0
801,gooky,0,0,0,0,0,0,1,0,0
802,goy,0,0,0,0,0,0,1,0,0
803,goyim,0,0,0,0,0,0,1,0,0
804,greaser,0,0,0,0,0,0,1,0,0
805,greasers,0,0,0,0,0,0,1,0,0
806,gringo,0,0,0,0,0,0,1,0,0
807,groid,0,0,0,0,0,0,1,0,0
808,groids,0,0,0,0,0,0,1,0,0
809,guala guala,0,0,0,0,0,0,1,0,0
810,guala gualas,0,0,0,0,0,0,1,0,0
811,gub,0,0,0,0,0,0,1,0,0
812,gubba,0,0,0,0,0,0,1,0,0
813,gubbas,0,0,0,0,0,0,1,0,0
814,gubs,0,0,0,0,0,0,1,0,0
815,guido,0,0,0,0,0,0,1,0,0
816,guidos,0,0,0,0,0,0,1,0,0
817,gurrier,0,0,0,0,0,0,1,0,0
818,gurriers,0,0,0,0,0,0,1,0,0
819,gwat,0,0,0,0,0,0,1,0,0
820,gwats,0,0,0,0,0,0,1,0,0
821,gyppie,0,0,0,0,0,0,1,0,0
822,gyppies,0,0,0,0,0,0,1,0,0
823,gyppy,0,0,0,0,0,0,1,0,0
824,gypsy,0,0,0,0,0,0,1,0,0
825,hairyback,0,0,0,0,0,0,1,0,0
826,hairybacks,0,0,0,0,0,0,1,0,0
827,half-breed,0,0,0,0,0,0,1,0,0
828,half-caste,0,0,0,0,0,0,1,0,0
829,halfrican,0,0,0,0,0,0,1,0,0
830,halfricans,0,0,0,0,0,0,1,0,0
831,haole,0,0,0,0,0,0,1,0,0
832,hapa,0,0,0,0,0,0,1,0,0
833,hebe,0,0,0,0,0,0,1,0,0
834,hebes,0,0,0,0,0,0,1,0,0
835,hebro,0,0,0,0,0,0,1,0,0
836,hebros,0,0,0,0,0,0,1,0,0
837,heeb,0,0,0,0,0,0,1,0,0
838,heebs,0,0,0,0,0,0,1,0,0
839,heinie,0,0,0,0,0,0,1,0,0
840,heinies,0,0,0,0,0,0,1,0,0
841,higger,0,0,0,0,0,0,1,0,0
842,higgers,0,0,0,0,0,0,1,0,0
843,hindoo,0,0,0,0,0,0,1,0,0
844,hodgie,0,0,0,0,0,0,1,0,0
845,honyak,0,0,0,0,0,0,1,0,0
846,honyaks,0,0,0,0,0,0,1,0,0
847,honyock,0,0,0,0,0,0,1,0,0
848,honyocks,0,0,0,0,0,0,1,0,0
849,hoosier,0,0,0,0,0,0,1,0,0
850,hoosiers,0,0,0,0,0,0,1,0,0
851,hun,0,0,0,0,0,0,1,0,0
852,hunkie,0,0,0,0,0,0,1,0,0
853,hunkies,0,0,0,0,0,0,1,0,0
854,hunky,0,0,0,0,0,0,1,0,0
855,huns,0,0,0,0,0,0,1,0,0
856,hunyak,0,0,0,0,0,0,1,0,0
857,hunyaks,0,0,0,0,0,0,1,0,0
858,hunyock,0,0,0,0,0,0,1,0,0
859,hunyocks,0,0,0,0,0,0,1,0,0
860,hymie,0,0,0,0,0,0,1,0,0
861,hymies,0,0,0,0,0,0,1,0,0
862,ice monkey,0,0,0,0,0,0,1,0,0
863,ice monkies,0,0,0,0,0,0,1,0,0
864,ice nigger,0,0,0,0,0,0,1,0,0
865,ice niggers,0,0,0,0,0,0,1,0,0
866,ike,0,0,0,0,0,0,1,0,0
867,ikes,0,0,0,0,0,0,1,0,0
868,ikey,0,0,0,0,0,0,1,0,0
869,ikey mo,0,0,0,0,0,0,1,0,0
870,ikey mos,0,0,0,0,0,0,1,0,0
871,ikies,0,0,0,0,0,0,1,0,0
872,iky,0,0,0,0,0,0,1,0,0
873,injun,0,0,0,0,0,0,1,0,0
874,injuns,0,0,0,0,0,0,1,0,0
875,island nigger,0,0,0,0,0,0,1,0,0
876,island niggers,0,0,0,0,0,0,1,0,0
877,jant,0,0,0,0,0,0,1,0,0
878,jants,0,0,0,0,0,0,1,0,0
879,jap,0,0,0,0,0,0,1,0,0
880,japie,0,0,0,0,0,0,1,0,0
881,japies,0,0,0,0,0,0,1,0,0
882,japs,0,0,0,0,0,0,1,0,0
883,jewbacca,0,0,0,0,0,0,1,0,0
884,jewbaccas,0,0,0,0,0,0,1,0,0
885,jhant,0,0,0,0,0,0,1,0,0
886,jhants,0,0,0,0,0,0,1,0,0
887,jig,0,0,0,0,0,0,1,0,0
888,jiga,0,0,0,0,0,0,1,0,0
889,jigaboo,0,0,0,0,0,0,1,0,0
890,jigarooni,0,0,0,0,0,0,1,0,0
891,jigaroonis,0,0,0,0,0,0,1,0,0
892,jigg,0,0,0,0,0,0,1,0,0
893,jigga,0,0,0,0,0,0,1,0,0
894,jiggabo,0,0,0,0,0,0,1,0,0
895,jiggabos,0,0,0,0,0,0,1,0,0
896,jiggas,0,0,0,0,0,0,1,0,0
897,jigger,0,0,0,0,0,0,1,0,0
898,jiggers,0,0,0,0,0,0,1,0,0
899,jiggs,0,0,0,0,0,0,1,0,0
900,jigs,0,0,0,0,0,0,1,0,0
901,jijjiboo,0,0,0,0,0,0,1,0,0
902,jijjiboos,0,0,0,0,0,0,1,0,0
903,jimfish,0,0,0,0,0,0,1,0,0
904,jockie,0,0,0,0,0,0,1,0,0
905,jockies,0,0,0,0,0,0,1,0,0
906,jocky,0,0,0,0,0,0,1,0,0
907,junglebunny,0,0,0,0,0,0,1,0,0
908,kaffir,0,0,0,0,0,0,1,0,0
909,kafir,0,0,0,0,0,0,1,0,0
910,khazar,0,0,0,0,0,0,1,0,0
911,khazars,0,0,0,0,0,0,1,0,0
912,kike,0,0,0,0,0,0,1,0,0
913,kikes,0,0,0,0,0,0,1,0,0
914,kotiya,0,0,0,0,0,0,1,0,0
915,kotiyas,0,0,0,0,0,0,1,0,0
916,kraut,0,0,0,0,0,0,1,0,0
917,krauts,0,0,0,0,0,0,1,0,0
918,kushi,0,0,0,0,0,0,1,0,0
919,kushis,0,0,0,0,0,0,1,0,0
920,kushite,0,0,0,0,0,0,1,0,0
921,kushites,0,0,0,0,0,0,1,0,0
922,kyke,0,0,0,0,0,0,1,0,0
923,kykes,0,0,0,0,0,0,1,0,0
924,latrino,0,0,0,0,0,0,1,0,0
925,latrinos,0,0,0,0,0,0,1,0,0
926,lawn jockey,0,0,0,0,0,0,1,0,0
927,lawn jockies,0,0,0,0,0,0,1,0,0
928,leb,0,0,0,0,0,0,1,0,0
929,lebbo,0,0,0,0,0,0,1,0,0
930,lebbos,0,0,0,0,0,0,1,0,0
931,lebs,0,0,0,0,0,0,1,0,0
932,lemonhead,0,0,0,0,0,0,1,0,0
933,lemonheads,0,0,0,0,0,0,1,0,0
934,leprechaun,0,0,0,0,0,0,1,0,0
935,leprechauns,0,0,0,0,0,0,1,0,0
936,ling ling,0,0,0,0,0,0,1,0,0
937,ling lings,0,0,0,0,0,0,1,0,0
938,lowlander,0,0,0,0,0,0,1,0,0
939,lowlanders,0,0,0,0,0,0,1,0,0
940,lubra,0,0,0,0,0,0,1,0,0
941,lubras,0,0,0,0,0,0,1,0,0
942,lugan,0,0,0,0,0,0,1,0,0
943,lugans,0,0,0,0,0,0,1,0,0
944,makwerekwere,0,0,0,0,0,0,1,0,0
945,mammy,0,0,0,0,0,0,1,0,0
946,mangia cake,0,0,0,0,0,0,1,0,0
947,mangia cakes,0,0,0,0,0,0,1,0,0
948,mick,0,0,0,0,0,0,1,0,0
949,micks,0,0,0,0,0,0,1,0,0
950,mockey,0,0,0,0,0,0,1,0,0
951,mockie,0,0,0,0,0,0,1,0,0
952,mockies,0,0,0,0,0,0,1,0,0
953,mocky,0,0,0,0,0,0,1,0,0
954,moke,0,0,0,0,0,0,1,0,0
955,mokes,0,0,0,0,0,0,1,0,0
956,mokies,0,0,0,0,0,0,1,0,0
957,moky,0,0,0,0,0,0,1,0,0
958,mook,0,0,0,0,0,0,1,0,0
959,mooks,0,0,0,0,0,0,1,0,0
960,mooncricket,0,0,0,0,0,0,1,0,0
961,moss eater,0,0,0,0,0,0,1,0,0
962,moss eaters,0,0,0,0,0,0,1,0,0
963,mosshead,0,0,0,0,0,0,1,0,0
964,mossheads,0,0,0,0,0,0,1,0,0
965,moulie,0,0,0,0,0,0,1,0,0
966,moulies,0,0,0,0,0,0,1,0,0
967,moulignon,0,0,0,0,0,0,1,0,0
968,moulignons,0,0,0,0,0,0,1,0,0
969,moulinyan,0,0,0,0,0,0,1,0,0
970,moulinyans,0,0,0,0,0,0,1,0,0
971,mud person,0,0,0,0,0,0,1,0,0
972,mud persons,0,0,0,0,0,0,1,0,0
973,mud shark,0,0,0,0,0,0,1,0,0
974,mud sharks,0,0,0,0,0,0,1,0,0
975,muk,0,0,0,0,0,0,1,0,0
976,muks,0,0,0,0,0,0,1,0,0
977,muktuk,0,0,0,0,0,0,1,0,0
978,muktuks,0,0,0,0,0,0,1,0,0
979,mulato,0,0,0,0,0,0,1,0,0
980,mulatos,0,0,0,0,0,0,1,0,0
981,mulatto,0,0,0,0,0,0,1,0,0
982,mulignan,0,0,0,0,0,0,1,0,0
983,mulignans,0,0,0,0,0,0,1,0,0
984,mutt,0,0,0,0,0,0,1,0,0
985,mutts,0,0,0,0,0,0,1,0,0
986,n1gga,0,0,0,0,0,0,1,0,0
987,n1gger,0,0,0,0,0,0,1,0,0
988,negress,0,0,0,0,0,0,1,0,0
989,negro,0,0,0,0,0,0,1,0,0
990,negroes,0,0,0,0,0,0,1,0,0
991,negroid,0,0,0,0,0,0,1,0,0
992,negros,0,0,0,0,0,0,1,0,0
993,net head,0,0,0,0,0,0,1,0,0
994,net heads,0,0,0,0,0,0,1,0,0
995,nichi,0,0,0,0,0,0,1,0,0
996,nichis,0,0,0,0,0,0,1,0,0
997,nichiwa,0,0,0,0,0,0,1,0,0
998,nichiwas,0,0,0,0,0,0,1,0,0
999,nig,0,0,0,0,0,0,1,0,0
1000,nigaboo,0,0,0,0,0,0,1,0,0
1001,nigar,0,0,0,0,0,0,1,0,0
1002,nigars,0,0,0,0,0,0,1,0,0
1003,niger,0,0,0,0,0,0,1,0,0
1004,nigers,0,0,0,0,0,0,1,0,0
1005,nigette,0,0,0,0,0,0,1,0,0
1006,nigettes,0,0,0,0,0,0,1,0,0
1007,nigg,0,0,0,0,0,0,1,0,0
1008,nigg3r,0,0,0,0,0,0,1,0,0
1009,nigg4h,0,0,0,0,0,0,1,0,0
1010,nigga,0,0,0,0,0,0,1,0,0
1011,niggah,0,0,0,0,0,0,1,0,0
1012,niggas,0,0,0,0,0,0,1,0,0
1013,niggaz,0,0,0,0,0,0,1,0,0
1014,nigger,0,0,0,0,0,0,1,0,0
1015,niggers,0,0,0,0,0,0,1,0,0
1016,niggor,0,0,0,0,0,0,1,0,0
1017,niggors,0,0,0,0,0,0,1,0,0
1018,niggur,0,0,0,0,0,0,1,0,0
1019,niglet,0,0,0,0,0,0,1,0,0
1020,nignog,0,0,0,0,0,0,1,0,0
1021,nigor,0,0,0,0,0,0,1,0,0
1022,nigors,0,0,0,0,0,0,1,0,0
1023,nigr,0,0,0,0,0,0,1,0,0
1024,nigra,0,0,0,0,0,0,1,0,0
1025,nigras,0,0,0,0,0,0,1,0,0
1026,nigre,0,0,0,0,0,0,1,0,0
1027,nigres,0,0,0,0,0,0,1,0,0
1028,nitchee,0,0,0,0,0,0,1,0,0
1029,nitchees,0,0,0,0,0,0,1,0,0
1030,nitchie,0,0,0,0,0,0,1,0,0
1031,nitchies,0,0,0,0,0,0,1,0,0
1032,nitchy,0,0,0,0,0,0,1,0,0
1033,nlgger,0,0,0,0,0,0,1,0,0
1034,nlggor,0,0,0,0,0,0,1,0,0
1035,northern monkey,0,0,0,0,0,0,1,0,0
1036,northern monkies,0,0,0,0,0,0,1,0,0
1037,ocker,0,0,0,0,0,0,1,0,0
1038,ockers,0,0,0,0,0,0,1,0,0
1039,octaroon,0,0,0,0,0,0,1,0,0
1040,octaroons,0,0,0,0,0,0,1,0,0
1041,ofaies,0,0,0,0,0,0,1,0,0
1042,ofay,0,0,0,0,0,0,1,0,0
1043,oriental,0,0,0,0,0,0,1,0,0
1044,orientals,0,0,0,0,0,0,1,0,0
1045,paddies,0,0,0,0,0,0,1,0,0
1046,paddy,0,0,0,0,0,0,1,0,0
1047,pakeha,0,0,0,0,0,0,1,0,0
1048,paki,0,0,0,0,0,0,1,0,0
1049,pakis,0,0,0,0,0,0,1,0,0
1050,pancake face,0,0,0,0,0,0,1,0,0
1051,pancake faces,0,0,0,0,0,0,1,0,0
1052,papist,0,0,0,0,0,0,1,0,0
1053,papists,0,0,0,0,0,0,1,0,0
1054,picaninny,0,0,0,0,0,0,1,0,0
1055,pickaninnies,0,0,0,0,0,0,1,0,0
1056,pickaninny,0,0,0,0,0,0,1,0,0
1057,piker,0,0,0,0,0,0,1,0,0
1058,pikers,0,0,0,0,0,0,1,0,0
1059,pikies,0,0,0,0,0,0,1,0,0
1060,piky,0,0,0,0,0,0,1,0,0
1061,pineapple nigger,0,0,0,0,0,0,1,0,0
1062,pineapple niggers,0,0,0,0,0,0,1,0,0
1063,ping pang,0,0,0,0,0,0,1,0,0
1064,ping pangs,0,0,0,0,0,0,1,0,0
1065,pocho,0,0,0,0,0,0,1,0,0
1066,pocohantas,0,0,0,0,0,0,1,0,0
1067,pogue,0,0,0,0,0,0,1,0,0
1068,pogues,0,0,0,0,0,0,1,0,0
1069,pohm,0,0,0,0,0,0,1,0,0
1070,polack,0,0,0,0,0,0,1,0,0
1071,polacks,0,0,0,0,0,0,1,0,0
1072,pollock,0,0,0,0,0,0,1,0,0
1073,pommy,0,0,0,0,0,0,1,0,0
1074,popolo,0,0,0,0,0,0,1,0,0
1075,popolos,0,0,0,0,0,0,1,0,0
1076,poppadom,0,0,0,0,0,0,1,0,0
1077,poppadoms,0,0,0,0,0,0,1,0,0
1078,porch monkey,0,0,0,0,0,0,1,0,0
1079,porchmonkey,0,0,0,0,0,0,1,0,0
1080,prairie nigger,0,0,0,0,0,0,1,0,0
1081,prairie niggers,0,0,0,0,0,0,1,0,0
1082,proddy dog,0,0,0,0,0,0,1,0,0
1083,proddy dogs,0,0,0,0,0,0,1,0,0
1084,proddywhoddies,0,0,0,0,0,0,1,0,0
1085,proddywhoddy,0,0,0,0,0,0,1,0,0
1086,proddywoddies,0,0,0,0,0,0,1,0,0
1087,proddywoddy,0,0,0,0,0,0,1,0,0
1088,pygmy,0,0,0,0,0,0,1,0,0
1089,quadroon,0,0,0,0,0,0,1,0,0
1090,quadroons,0,0,0,0,0,0,1,0,0
1091,raghead,0,0,0,0,0,0,1,0,0
1092,red indian,0,0,0,0,0,0,1,0,0
1093,redlegs,0,0,0,0,0,0,1,0,0
1094,redskin,0,0,0,0,0,0,1,0,0
1095,redskins,0,0,0,0,0,0,1,0,0
1096,rhine monkey,0,0,0,0,0,0,1,0,0
1097,rhine monkies,0,0,0,0,0,0,1,0,0
1098,roofucker,0,0,0,0,0,0,1,0,0
1099,roofuckers,0,0,0,0,0,0,1,0,0
1100,roundeye,0,0,0,0,0,0,1,0,0
1101,roundeyes,0,0,0,0,0,0,1,0,0
1102,ruski,0,0,0,0,0,0,1,0,0
1103,sambo,0,0,0,0,0,0,1,0,0
1104,sambos,0,0,0,0,0,0,1,0,0
1105,sand niggerette,0,0,0,0,0,0,1,0,0
1106,sand niggerettes,0,0,0,0,0,0,1,0,0
1107,sandnigger,0,0,0,0,0,0,1,0,0
1108,scallie,0,0,0,0,0,0,1,0,0
1109,scallies,0,0,0,0,0,0,1,0,0
1110,scally,0,0,0,0,0,0,1,0,0
1111,scanger,0,0,0,0,0,0,1,0,0
1112,scangers,0,0,0,0,0,0,1,0,0
1113,semihole,0,0,0,0,0,0,1,0,0
1114,semiholes,0,0,0,0,0,0,1,0,0
1115,senga,0,0,0,0,0,0,1,0,0
1116,sengas,0,0,0,0,0,0,1,0,0
1117,seppo,0,0,0,0,0,0,1,0,0
1118,shanty irish,0,0,0,0,0,0,1,0,0
1119,shanty irishes,0,0,0,0,0,0,1,0,0
1120,sheister,0,0,0,0,0,0,1,0,0
1121,sheisters,0,0,0,0,0,0,1,0,0
1122,sheltas,0,0,0,0,0,0,1,0,0
1123,shylock,0,0,0,0,0,0,1,0,0
1124,shylocks,0,0,0,0,0,0,1,0,0
1125,shyster,0,0,0,0,0,0,1,0,0
1126,shysters,0,0,0,0,0,0,1,0,0
1127,sideways pussies,0,0,0,0,0,0,1,0,0
1128,sideways pussy,0,0,0,0,0,0,1,0,0
1129,skanger,0,0,0,0,0,0,1,0,0
1130,skangers,0,0,0,0,0,0,1,0,0
1131,slant,0,0,0,0,0,0,1,0,0
1132,slant eye,0,0,0,0,0,0,1,0,0
1133,slant eyes,0,0,0,0,0,0,1,0,0
1134,slants,0,0,0,0,0,0,1,0,0
1135,slopehead,0,0,0,0,0,0,1,0,0
1136,slopeheads,0,0,0,0,0,0,1,0,0
1137,slopies,0,0,0,0,0,0,1,0,0
1138,smoke jumper,0,0,0,0,0,0,1,0,0
1139,smoke jumpers,0,0,0,0,0,0,1,0,0
1140,snownigger,0,0,0,0,0,0,1,0,0
1141,sooties,0,0,0,0,0,0,1,0,0
1142,sooty,0,0,0,0,0,0,1,0,0
1143,soup taker,0,0,0,0,0,0,1,0,0
1144,soup takers,0,0,0,0,0,0,1,0,0
1145,southern fairies,0,0,0,0,0,0,1,0,0
1146,southern fairy,0,0,0,0,0,0,1,0,0
1147,spaghettibender,0,0,0,0,0,0,1,0,0
1148,spaghettinigger,0,0,0,0,0,0,1,0,0
1149,spic,0,0,0,0,0,0,1,0,0
1150,spice nigger,0,0,0,0,0,0,1,0,0
1151,spice niggers,0,0,0,0,0,0,1,0,0
1152,spick,0,0,0,0,0,0,1,0,0
1153,spickaboo,0,0,0,0,0,0,1,0,0
1154,spickaboos,0,0,0,0,0,0,1,0,0
1155,spicks,0,0,0,0,0,0,1,0,0
1156,spics,0,0,0,0,0,0,1,0,0
1157,spide,0,0,0,0,0,0,1,0,0
1158,spides,0,0,0,0,0,0,1,0,0
1159,spig,0,0,0,0,0,0,1,0,0
1160,spigger,0,0,0,0,0,0,1,0,0
1161,spiggers,0,0,0,0,0,0,1,0,0
1162,spigotties,0,0,0,0,0,0,1,0,0
1163,spigotty,0,0,0,0,0,0,1,0,0
1164,spigs,0,0,0,0,0,0,1,0,0
1165,spik,0,0,0,0,0,0,1,0,0
1166,spiks,0,0,0,0,0,0,1,0,0
1167,spink,0,0,0,0,0,0,1,0,0
1168,spinks,0,0,0,0,0,0,1,0,0
1169,spiv,0,0,0,0,0,0,1,0,0
1170,spivs,0,0,0,0,0,0,1,0,0
1171,spook,0,0,0,0,0,0,1,0,0
1172,spooks,0,0,0,0,0,0,1,0,0
1173,squaw,0,0,0,0,0,0,1,0,0
1174,squaws,0,0,0,0,0,0,1,0,0
1175,steek,0,0,0,0,0,0,1,0,0
1176,steeks,0,0,0,0,0,0,1,0,0
1177,stump jumper,0,0,0,0,0,0,1,0,0
1178,stump jumpers,0,0,0,0,0,0,1,0,0
1179,taffy,0,0,0,0,0,0,1,0,0
1180,teabagger,0,0,0,0,0,0,1,0,0
1181,teabaggers,0,0,0,0,0,0,1,0,0
1182,thicklips,0,0,0,0,0,0,1,0,0
1183,timber nigger,0,0,0,0,0,0,1,0,0
1184,timber niggers,0,0,0,0,0,0,1,0,0
1185,timbernigger,0,0,0,0,0,0,1,0,0
1186,tinkard,0,0,0,0,0,0,1,0,0
1187,tinkards,0,0,0,0,0,0,1,0,0
1188,touch of the tar brush,0,0,0,0,0,0,1,0,0
1189,touch of the tar brushes,0,0,0,0,0,0,1,0,0
1190,towel head,0,0,0,0,0,0,1,0,0
1191,towel heads,0,0,0,0,0,0,1,0,0
1192,towelhead,0,0,0,0,0,0,1,0,0
1193,tree jumper,0,0,0,0,0,0,1,0,0
1194,tree jumpers,0,0,0,0,0,0,1,0,0
1195,tunnel digger,0,0,0,0,0,0,1,0,0
1196,tunnel diggers,0,0,0,0,0,0,1,0,0
1197,tyncar,0,0,0,0,0,0,1,0,0
1198,tyncars,0,0,0,0,0,0,1,0,0
1199,tynekere,0,0,0,0,0,0,1,0,0
1200,tynekeres,0,0,0,0,0,0,1,0,0
1201,tynkard,0,0,0,0,0,0,1,0,0
1202,tynkards,0,0,0,0,0,0,1,0,0
1203,tynkare,0,0,0,0,0,0,1,0,0
1204,tynkares,0,0,0,0,0,0,1,0,0
1205,tynker,0,0,0,0,0,0,1,0,0
1206,tynkere,0,0,0,0,0,0,1,0,0
1207,tynkeres,0,0,0,0,0,0,1,0,0
1208,tynkers,0,0,0,0,0,0,1,0,0
1209,uncircumcised baboon,0,0,0,0,0,0,1,0,0
1210,uncircumcised baboons,0,0,0,0,0,0,1,0,0
1211,uncle tom,0,0,0,0,0,0,1,0,0
1212,velcro head,0,0,0,0,0,0,1,0,0
1213,velcro heads,0,0,0,0,0,0,1,0,0
1214,wagon burner,0,0,0,0,0,0,1,0,0
1215,wagon burners,0,0,0,0,0,0,1,0,0
1216,wetback,0,0,0,0,0,0,1,0,0
1217,wexican,0,0,0,0,0,0,1,0,0
1218,wexicans,0,0,0,0,0,0,1,0,0
1219,whigger,0,0,0,0,0,0,1,0,0
1220,white nigger,0,0,0,0,0,0,1,0,0
1221,white niggers,0,0,0,0,0,0,1,0,0
1222,whitenigger,0,0,0,0,0,0,1,0,0
1223,wiggerette,0,0,0,0,0,0,1,0,0
1224,wiggerettes,0,0,0,0,0,0,1,0,0
1225,wog,0,0,0,0,0,0,1,0,0
1226,wogs,0,0,0,0,0,0,1,0,0
1227,wop,0,0,0,0,0,0,1,0,0
1228,wops,0,0,0,0,0,0,1,0,0
1229,yellowman,0,0,0,0,0,0,1,0,0
1230,yid,0,0,0,0,0,0,1,0,0
1231,zigabo,0,0,0,0,0,0,1,0,0
1232,zigabos,0,0,0,0,0,0,1,0,0
1233,zipperhead,0,0,0,0,0,0,1,0,0
1234,zipperheads,0,0,0,0,0,0,1,0,0
1235,zippohead,0,0,0,0,0,0,1,0,0
1236,zippoheads,0,0,0,0,0,0,1,0,0
1237,zog,0,0,0,0,0,0,1,0,0
1238,zog lover,0,0,0,0,0,0,1,0,0
1239,zog lovers,0,0,0,0,0,0,1,0,0
1240,zogs,0,0,0,0,0,0,1,0,0
1241,sideways cooter,0,0,0,0,0,0,1,0,0
1242,sideways cooters,0,0,0,0,0,0,1,0,0
1243,sideways vagina,0,0,0,0,0,0,1,0,0
1244,sideways vaginas,0,0,0,0,0,0,1,0,0
1245,cherry popper,0,0,0,0,0,0,0,1,0
1246,clitfuck,0,0,0,0,0,0,0,1,0
1247,cock block,0,0,0,0,0,0,0,1,0
1248,cock carousel,0,0,0,0,0,0,0,1,0
1249,cock tease,0,0,0,0,0,0,0,1,0
1250,conquer,0,0,0,0,0,0,0,1,0
1251,gangbang,0,0,0,0,0,0,0,1,0
1252,gangbanged,0,0,0,0,0,0,0,1,0
1253,gangbangs,0,0,0,0,0,0,0,1,0
1254,incest,0,0,0,0,0,0,0,1,0
1255,infiltrate,0,0,0,0,0,0,0,1,0
1256,insest,0,0,0,0,0,0,0,1,0
1257,lolita,0,0,0,0,0,0,0,1,0
1258,molest,0,0,0,0,0,0,0,1,0
1259,molestation,0,0,0,0,0,0,0,1,0
1260,pound,0,0,0,0,0,0,0,1,0
1261,rape,0,0,0,0,0,0,0,1,0
1262,sodomise,0,0,0,0,0,0,0,1,0
1263,sodomize,0,0,0,0,0,0,0,1,0
1264,spank,0,0,0,0,0,0,0,1,0
1265,unclefucker,0,0,0,0,0,0,0,1,0
1266,virginbreaker,0,0,0,0,0,0,0,1,0
1267,blackops2cel,0,0,0,0,0,0,0,0,1
1268,blackpill,0,0,0,0,0,0,0,0,1
1269,chad,0,0,0,0,0,0,0,0,1
1270,cope,0,0,0,0,0,0,0,0,1
1271,cuck,0,0,0,0,0,0,0,0,1
1272,currycel,0,0,0,0,0,0,0,0,1
1273,fakecel,0,0,0,0,0,0,0,0,1
1274,friendless,0,0,0,0,0,0,0,0,1
1275,fuel,0,0,0,0,0,0,0,0,1
1276,gymcel,0,0,0,0,0,0,0,0,1
1277,handholdless,0,0,0,0,0,0,0,0,1
1278,heightcel,0,0,0,0,0,0,0,0,1
1279,hugless,0,0,0,0,0,0,0,0,1
1280,hypergamy,0,0,0,0,0,0,0,0,1
1281,incel,0,0,0,0,0,0,0,0,1
1282,jbw,0,0,0,0,0,0,0,0,1
1283,jfl,0,0,0,0,0,0,0,0,1
1284,kissless,0,0,0,0,0,0,0,0,1
1285,kthhfv,0,0,0,0,0,0,0,0,1
1286,ldar,0,0,0,0,0,0,0,0,1
1287,looksmatch,0,0,0,0,0,0,0,0,1
1288,looksmaxx,0,0,0,0,0,0,0,0,1
1289,meeks,0,0,0,0,0,0,0,0,1
1290,mogs,0,0,0,0,0,0,0,0,1
1291,redpill,0,0,0,0,0,0,0,0,1
1292,ricecel,0,0,0,0,0,0,0,0,1
1293,rope,0,0,0,0,0,0,0,0,1
1294,touchless,0,0,0,0,0,0,0,0,1
1295,truecel,0,0,0,0,0,0,0,0,1
1296,tyrone,0,0,0,0,0,0,0,0,1
1297,volcel,0,0,0,0,0,0,0,0,1
1298,wagecel,0,0,0,0,0,0,0,0,1
1299,wristcel,0,0,0,0,0,0,0,0,1
